Consumption (kwh),Estimated Cost Inc. Tax (p),Start,End
0.00591,0.04,2025-07-01 00:00:00+01:00,2025-07-01 01:00:00+01:00
0.00661,0.05,2025-07-01 01:00:00+01:00,2025-07-01 02:00:00+01:00
0.00078,0.01,2025-07-01 02:00:00+01:00,2025-07-01 03:00:00+01:00
0.00544,0.04,2025-07-01 03:00:00+01:00,2025-07-01 04:00:00+01:00
0.00709,0.05,2025-07-01 04:00:00+01:00,2025-07-01 05:00:00+01:00
0.00167,0.01,2025-07-01 05:00:00+01:00,2025-07-01 06:00:00+01:00
0.16709,1.17,2025-07-01 06:00:00+01:00,2025-07-01 07:00:00+01:00
0.13757,0.96,2025-07-01 07:00:00+01:00,2025-07-01 08:00:00+01:00
0.19283,1.35,2025-07-01 08:00:00+01:00,2025-07-01 09:00:00+01:00
0.05636,0.39,2025-07-01 09:00:00+01:00,2025-07-01 10:00:00+01:00
0.02061,0.14,2025-07-01 10:00:00+01:00,2025-07-01 11:00:00+01:00
0.03406,0.24,2025-07-01 11:00:00+01:00,2025-07-01 12:00:00+01:00
0.02186,0.15,2025-07-01 12:00:00+01:00,2025-07-01 13:00:00+01:00
0.03858,0.27,2025-07-01 13:00:00+01:00,2025-07-01 14:00:00+01:00
0.04036,0.28,2025-07-01 14:00:00+01:00,2025-07-01 15:00:00+01:00
0.0141,0.1,2025-07-01 15:00:00+01:00,2025-07-01 16:00:00+01:00
0.03055,0.21,2025-07-01 16:00:00+01:00,2025-07-01 17:00:00+01:00
0.25267,1.77,2025-07-01 17:00:00+01:00,2025-07-01 18:00:00+01:00
0.21078,1.48,2025-07-01 18:00:00+01:00,2025-07-01 19:00:00+01:00
0.37988,2.66,2025-07-01 19:00:00+01:00,2025-07-01 20:00:00+01:00
0.34825,2.44,2025-07-01 20:00:00+01:00,2025-07-01 21:00:00+01:00
0.07578,0.53,2025-07-01 21:00:00+01:00,2025-07-01 22:00:00+01:00
0.07715,0.54,2025-07-01 22:00:00+01:00,2025-07-01 23:00:00+01:00
0.05694,0.4,2025-07-01 23:00:00+01:00,2025-07-02 00:00:00+01:00
0.00921,0.06,2025-07-02 00:00:00+01:00,2025-07-02 01:00:00+01:00
0.00695,0.05,2025-07-02 01:00:00+01:00,2025-07-02 02:00:00+01:00
0.00729,0.05,2025-07-02 02:00:00+01:00,2025-07-02 03:00:00+01:00
0.00862,0.06,2025-07-02 03:00:00+01:00,2025-07-02 04:00:00+01:00
0.00274,0.02,2025-07-02 04:00:00+01:00,2025-07-02 05:00:00+01:00
0.00807,0.06,2025-07-02 05:00:00+01:00,2025-07-02 06:00:00+01:00
0.07929,0.56,2025-07-02 06:00:00+01:00,2025-07-02 07:00:00+01:00
0.1018,0.71,2025-07-02 07:00:00+01:00,2025-07-02 08:00:00+01:00
0.10034,0.7,2025-07-02 08:00:00+01:00,2025-07-02 09:00:00+01:00
0.19678,1.38,2025-07-02 09:00:00+01:00,2025-07-02 10:00:00+01:00
0.04426,0.31,2025-07-02 10:00:00+01:00,2025-07-02 11:00:00+01:00
0.03805,0.27,2025-07-02 11:00:00+01:00,2025-07-02 12:00:00+01:00
0.03908,0.27,2025-07-02 12:00:00+01:00,2025-07-02 13:00:00+01:00
0.03248,0.23,2025-07-02 13:00:00+01:00,2025-07-02 14:00:00+01:00
0.04788,0.34,2025-07-02 14:00:00+01:00,2025-07-02 15:00:00+01:00
0.02985,0.21,2025-07-02 15:00:00+01:00,2025-07-02 16:00:00+01:00
0.02522,0.18,2025-07-02 16:00:00+01:00,2025-07-02 17:00:00+01:00
0.14891,1.04,2025-07-02 17:00:00+01:00,2025-07-02 18:00:00+01:00
0.33586,2.35,2025-07-02 18:00:00+01:00,2025-07-02 19:00:00+01:00
0.32033,2.24,2025-07-02 19:00:00+01:00,2025-07-02 20:00:00+01:00
0.21531,1.51,2025-07-02 20:00:00+01:00,2025-07-02 21:00:00+01:00
0.02202,0.15,2025-07-02 21:00:00+01:00,2025-07-02 22:00:00+01:00
0.08712,0.61,2025-07-02 22:00:00+01:00,2025-07-02 23:00:00+01:00
0.02091,0.15,2025-07-02 23:00:00+01:00,2025-07-03 00:00:00+01:00
0.00704,0.05,2025-07-03 00:00:00+01:00,2025-07-03 01:00:00+01:00
0.0097,0.07,2025-07-03 01:00:00+01:00,2025-07-03 02:00:00+01:00
0.00438,0.03,2025-07-03 02:00:00+01:00,2025-07-03 03:00:00+01:00
0.00235,0.02,2025-07-03 03:00:00+01:00,2025-07-03 04:00:00+01:00
0.00705,0.05,2025-07-03 04:00:00+01:00,2025-07-03 05:00:00+01:00
0.00817,0.06,2025-07-03 05:00:00+01:00,2025-07-03 06:00:00+01:00
0.13196,0.92,2025-07-03 06:00:00+01:00,2025-07-03 07:00:00+01:00
0.19506,1.37,2025-07-03 07:00:00+01:00,2025-07-03 08:00:00+01:00
0.05775,0.4,2025-07-03 08:00:00+01:00,2025-07-03 09:00:00+01:00
0.12572,0.88,2025-07-03 09:00:00+01:00,2025-07-03 10:00:00+01:00
0.03874,0.27,2025-07-03 10:00:00+01:00,2025-07-03 11:00:00+01:00
0.04451,0.31,2025-07-03 11:00:00+01:00,2025-07-03 12:00:00+01:00
0.01717,0.12,2025-07-03 12:00:00+01:00,2025-07-03 13:00:00+01:00
0.042,0.29,2025-07-03 13:00:00+01:00,2025-07-03 14:00:00+01:00
0.03211,0.22,2025-07-03 14:00:00+01:00,2025-07-03 15:00:00+01:00
0.02586,0.18,2025-07-03 15:00:00+01:00,2025-07-03 16:00:00+01:00
0.01527,0.11,2025-07-03 16:00:00+01:00,2025-07-03 17:00:00+01:00
0.35959,2.52,2025-07-03 17:00:00+01:00,2025-07-03 18:00:00+01:00
0.14718,1.03,2025-07-03 18:00:00+01:00,2025-07-03 19:00:00+01:00
0.19294,1.35,2025-07-03 19:00:00+01:00,2025-07-03 20:00:00+01:00
0.18701,1.31,2025-07-03 20:00:00+01:00,2025-07-03 21:00:00+01:00
0.08971,0.63,2025-07-03 21:00:00+01:00,2025-07-03 22:00:00+01:00
0.07382,0.52,2025-07-03 22:00:00+01:00,2025-07-03 23:00:00+01:00
0.08373,0.59,2025-07-03 23:00:00+01:00,2025-07-04 00:00:00+01:00
0.0025,0.02,2025-07-04 00:00:00+01:00,2025-07-04 01:00:00+01:00
0.00625,0.04,2025-07-04 01:00:00+01:00,2025-07-04 02:00:00+01:00
0.00572,0.04,2025-07-04 02:00:00+01:00,2025-07-04 03:00:00+01:00
0.00833,0.06,2025-07-04 03:00:00+01:00,2025-07-04 04:00:00+01:00
0.00906,0.06,2025-07-04 04:00:00+01:00,2025-07-04 05:00:00+01:00
0.00012,0.0,2025-07-04 05:00:00+01:00,2025-07-04 06:00:00+01:00
0.1511,1.06,2025-07-04 06:00:00+01:00,2025-07-04 07:00:00+01:00
0.05778,0.4,2025-07-04 07:00:00+01:00,2025-07-04 08:00:00+01:00
0.13233,0.93,2025-07-04 08:00:00+01:00,2025-07-04 09:00:00+01:00
0.09314,0.65,2025-07-04 09:00:00+01:00,2025-07-04 10:00:00+01:00
0.02227,0.16,2025-07-04 10:00:00+01:00,2025-07-04 11:00:00+01:00
0.02412,0.17,2025-07-04 11:00:00+01:00,2025-07-04 12:00:00+01:00
0.03485,0.24,2025-07-04 12:00:00+01:00,2025-07-04 13:00:00+01:00
0.02336,0.16,2025-07-04 13:00:00+01:00,2025-07-04 14:00:00+01:00
0.03931,0.28,2025-07-04 14:00:00+01:00,2025-07-04 15:00:00+01:00
0.02618,0.18,2025-07-04 15:00:00+01:00,2025-07-04 16:00:00+01:00
0.01273,0.09,2025-07-04 16:00:00+01:00,2025-07-04 17:00:00+01:00
0.33513,2.35,2025-07-04 17:00:00+01:00,2025-07-04 18:00:00+01:00
0.18573,1.3,2025-07-04 18:00:00+01:00,2025-07-04 19:00:00+01:00
0.22983,1.61,2025-07-04 19:00:00+01:00,2025-07-04 20:00:00+01:00
0.30563,2.14,2025-07-04 20:00:00+01:00,2025-07-04 21:00:00+01:00
0.0466,0.33,2025-07-04 21:00:00+01:00,2025-07-04 22:00:00+01:00
0.02453,0.17,2025-07-04 22:00:00+01:00,2025-07-04 23:00:00+01:00
0.04991,0.35,2025-07-04 23:00:00+01:00,2025-07-05 00:00:00+01:00
0.00944,0.07,2025-07-05 00:00:00+01:00,2025-07-05 01:00:00+01:00
0.00642,0.04,2025-07-05 01:00:00+01:00,2025-07-05 02:00:00+01:00
0.00671,0.05,2025-07-05 02:00:00+01:00,2025-07-05 03:00:00+01:00
0.00632,0.04,2025-07-05 03:00:00+01:00,2025-07-05 04:00:00+01:00
0.00199,0.01,2025-07-05 04:00:00+01:00,2025-07-05 05:00:00+01:00
0.00418,0.03,2025-07-05 05:00:00+01:00,2025-07-05 06:00:00+01:00
0.16264,1.14,2025-07-05 06:00:00+01:00,2025-07-05 07:00:00+01:00
0.06521,0.46,2025-07-05 07:00:00+01:00,2025-07-05 08:00:00+01:00
0.09168,0.64,2025-07-05 08:00:00+01:00,2025-07-05 09:00:00+01:00
0.09145,0.64,2025-07-05 09:00:00+01:00,2025-07-05 10:00:00+01:00
0.02728,0.19,2025-07-05 10:00:00+01:00,2025-07-05 11:00:00+01:00
0.04921,0.34,2025-07-05 11:00:00+01:00,2025-07-05 12:00:00+01:00
0.0127,0.09,2025-07-05 12:00:00+01:00,2025-07-05 13:00:00+01:00
0.03075,0.22,2025-07-05 13:00:00+01:00,2025-07-05 14:00:00+01:00
0.01717,0.12,2025-07-05 14:00:00+01:00,2025-07-05 15:00:00+01:00
0.04883,0.34,2025-07-05 15:00:00+01:00,2025-07-05 16:00:00+01:00
0.01453,0.1,2025-07-05 16:00:00+01:00,2025-07-05 17:00:00+01:00
0.22108,1.55,2025-07-05 17:00:00+01:00,2025-07-05 18:00:00+01:00
0.32137,2.25,2025-07-05 18:00:00+01:00,2025-07-05 19:00:00+01:00
0.31137,2.18,2025-07-05 19:00:00+01:00,2025-07-05 20:00:00+01:00
0.22682,1.59,2025-07-05 20:00:00+01:00,2025-07-05 21:00:00+01:00
0.04772,0.33,2025-07-05 21:00:00+01:00,2025-07-05 22:00:00+01:00
0.05181,0.36,2025-07-05 22:00:00+01:00,2025-07-05 23:00:00+01:00
0.04114,0.29,2025-07-05 23:00:00+01:00,2025-07-06 00:00:00+01:00
0.00205,0.01,2025-07-06 00:00:00+01:00,2025-07-06 01:00:00+01:00
0.00483,0.03,2025-07-06 01:00:00+01:00,2025-07-06 02:00:00+01:00
0.00269,0.02,2025-07-06 02:00:00+01:00,2025-07-06 03:00:00+01:00
0.00287,0.02,2025-07-06 03:00:00+01:00,2025-07-06 04:00:00+01:00
0.00657,0.05,2025-07-06 04:00:00+01:00,2025-07-06 05:00:00+01:00
0.00969,0.07,2025-07-06 05:00:00+01:00,2025-07-06 06:00:00+01:00
0.14055,0.98,2025-07-06 06:00:00+01:00,2025-07-06 07:00:00+01:00
0.06155,0.43,2025-07-06 07:00:00+01:00,2025-07-06 08:00:00+01:00
0.06134,0.43,2025-07-06 08:00:00+01:00,2025-07-06 09:00:00+01:00
0.19271,1.35,2025-07-06 09:00:00+01:00,2025-07-06 10:00:00+01:00
0.02189,0.15,2025-07-06 10:00:00+01:00,2025-07-06 11:00:00+01:00
0.01368,0.1,2025-07-06 11:00:00+01:00,2025-07-06 12:00:00+01:00
0.03396,0.24,2025-07-06 12:00:00+01:00,2025-07-06 13:00:00+01:00
0.03495,0.24,2025-07-06 13:00:00+01:00,2025-07-06 14:00:00+01:00
0.03594,0.25,2025-07-06 14:00:00+01:00,2025-07-06 15:00:00+01:00
0.0207,0.14,2025-07-06 15:00:00+01:00,2025-07-06 16:00:00+01:00
0.0106,0.07,2025-07-06 16:00:00+01:00,2025-07-06 17:00:00+01:00
0.3895,2.73,2025-07-06 17:00:00+01:00,2025-07-06 18:00:00+01:00
0.17527,1.23,2025-07-06 18:00:00+01:00,2025-07-06 19:00:00+01:00
0.30281,2.12,2025-07-06 19:00:00+01:00,2025-07-06 20:00:00+01:00
0.31199,2.18,2025-07-06 20:00:00+01:00,2025-07-06 21:00:00+01:00
0.0688,0.48,2025-07-06 21:00:00+01:00,2025-07-06 22:00:00+01:00
0.04503,0.32,2025-07-06 22:00:00+01:00,2025-07-06 23:00:00+01:00
0.04169,0.29,2025-07-06 23:00:00+01:00,2025-07-07 00:00:00+01:00
0.00598,0.04,2025-07-07 00:00:00+01:00,2025-07-07 01:00:00+01:00
0.00866,0.06,2025-07-07 01:00:00+01:00,2025-07-07 02:00:00+01:00
0.00947,0.07,2025-07-07 02:00:00+01:00,2025-07-07 03:00:00+01:00
0.00106,0.01,2025-07-07 03:00:00+01:00,2025-07-07 04:00:00+01:00
0.00155,0.01,2025-07-07 04:00:00+01:00,2025-07-07 05:00:00+01:00
0.00945,0.07,2025-07-07 05:00:00+01:00,2025-07-07 06:00:00+01:00
0.16048,1.12,2025-07-07 06:00:00+01:00,2025-07-07 07:00:00+01:00
0.18245,1.28,2025-07-07 07:00:00+01:00,2025-07-07 08:00:00+01:00
0.08039,0.56,2025-07-07 08:00:00+01:00,2025-07-07 09:00:00+01:00
0.13814,0.97,2025-07-07 09:00:00+01:00,2025-07-07 10:00:00+01:00
0.03805,0.27,2025-07-07 10:00:00+01:00,2025-07-07 11:00:00+01:00
0.0372,0.26,2025-07-07 11:00:00+01:00,2025-07-07 12:00:00+01:00
0.02633,0.18,2025-07-07 12:00:00+01:00,2025-07-07 13:00:00+01:00
0.01062,0.07,2025-07-07 13:00:00+01:00,2025-07-07 14:00:00+01:00
0.03332,0.23,2025-07-07 14:00:00+01:00,2025-07-07 15:00:00+01:00
0.02012,0.14,2025-07-07 15:00:00+01:00,2025-07-07 16:00:00+01:00
0.02801,0.2,2025-07-07 16:00:00+01:00,2025-07-07 17:00:00+01:00
0.38727,2.71,2025-07-07 17:00:00+01:00,2025-07-07 18:00:00+01:00
0.21971,1.54,2025-07-07 18:00:00+01:00,2025-07-07 19:00:00+01:00
0.35194,2.46,2025-07-07 19:00:00+01:00,2025-07-07 20:00:00+01:00
0.15656,1.1,2025-07-07 20:00:00+01:00,2025-07-07 21:00:00+01:00
0.0738,0.52,2025-07-07 21:00:00+01:00,2025-07-07 22:00:00+01:00
0.09816,0.69,2025-07-07 22:00:00+01:00,2025-07-07 23:00:00+01:00
0.02815,0.2,2025-07-07 23:00:00+01:00,2025-07-08 00:00:00+01:00
8e-05,0.0,2025-07-08 00:00:00+01:00,2025-07-08 01:00:00+01:00
0.00434,0.03,2025-07-08 01:00:00+01:00,2025-07-08 02:00:00+01:00
0.00093,0.01,2025-07-08 02:00:00+01:00,2025-07-08 03:00:00+01:00
0.00748,0.05,2025-07-08 03:00:00+01:00,2025-07-08 04:00:00+01:00
0.00915,0.06,2025-07-08 04:00:00+01:00,2025-07-08 05:00:00+01:00
0.00434,0.03,2025-07-08 05:00:00+01:00,2025-07-08 06:00:00+01:00
0.08881,0.62,2025-07-08 06:00:00+01:00,2025-07-08 07:00:00+01:00
0.11516,0.81,2025-07-08 07:00:00+01:00,2025-07-08 08:00:00+01:00
0.15852,1.11,2025-07-08 08:00:00+01:00,2025-07-08 09:00:00+01:00
0.05136,0.36,2025-07-08 09:00:00+01:00,2025-07-08 10:00:00+01:00
0.03358,0.24,2025-07-08 10:00:00+01:00,2025-07-08 11:00:00+01:00
0.03453,0.24,2025-07-08 11:00:00+01:00,2025-07-08 12:00:00+01:00
0.03551,0.25,2025-07-08 12:00:00+01:00,2025-07-08 13:00:00+01:00
0.01968,0.14,2025-07-08 13:00:00+01:00,2025-07-08 14:00:00+01:00
0.03856,0.27,2025-07-08 14:00:00+01:00,2025-07-08 15:00:00+01:00
0.01366,0.1,2025-07-08 15:00:00+01:00,2025-07-08 16:00:00+01:00
0.01797,0.13,2025-07-08 16:00:00+01:00,2025-07-08 17:00:00+01:00
0.36324,2.54,2025-07-08 17:00:00+01:00,2025-07-08 18:00:00+01:00
0.32162,2.25,2025-07-08 18:00:00+01:00,2025-07-08 19:00:00+01:00
0.10412,0.73,2025-07-08 19:00:00+01:00,2025-07-08 20:00:00+01:00
0.17451,1.22,2025-07-08 20:00:00+01:00,2025-07-08 21:00:00+01:00
0.03715,0.26,2025-07-08 21:00:00+01:00,2025-07-08 22:00:00+01:00
0.04166,0.29,2025-07-08 22:00:00+01:00,2025-07-08 23:00:00+01:00
0.0398,0.28,2025-07-08 23:00:00+01:00,2025-07-09 00:00:00+01:00
0.00063,0.0,2025-07-09 00:00:00+01:00,2025-07-09 01:00:00+01:00
0.00459,0.03,2025-07-09 01:00:00+01:00,2025-07-09 02:00:00+01:00
0.00733,0.05,2025-07-09 02:00:00+01:00,2025-07-09 03:00:00+01:00
0.00607,0.04,2025-07-09 03:00:00+01:00,2025-07-09 04:00:00+01:00
0.00673,0.05,2025-07-09 04:00:00+01:00,2025-07-09 05:00:00+01:00
0.00081,0.01,2025-07-09 05:00:00+01:00,2025-07-09 06:00:00+01:00
0.19272,1.35,2025-07-09 06:00:00+01:00,2025-07-09 07:00:00+01:00
0.17577,1.23,2025-07-09 07:00:00+01:00,2025-07-09 08:00:00+01:00
0.17076,1.2,2025-07-09 08:00:00+01:00,2025-07-09 09:00:00+01:00
0.17345,1.21,2025-07-09 09:00:00+01:00,2025-07-09 10:00:00+01:00
0.04731,0.33,2025-07-09 10:00:00+01:00,2025-07-09 11:00:00+01:00
0.03177,0.22,2025-07-09 11:00:00+01:00,2025-07-09 12:00:00+01:00
0.01801,0.13,2025-07-09 12:00:00+01:00,2025-07-09 13:00:00+01:00
0.03467,0.24,2025-07-09 13:00:00+01:00,2025-07-09 14:00:00+01:00
0.03972,0.28,2025-07-09 14:00:00+01:00,2025-07-09 15:00:00+01:00
0.03952,0.28,2025-07-09 15:00:00+01:00,2025-07-09 16:00:00+01:00
0.03086,0.22,2025-07-09 16:00:00+01:00,2025-07-09 17:00:00+01:00
0.12054,0.84,2025-07-09 17:00:00+01:00,2025-07-09 18:00:00+01:00
0.21133,1.48,2025-07-09 18:00:00+01:00,2025-07-09 19:00:00+01:00
0.37623,2.63,2025-07-09 19:00:00+01:00,2025-07-09 20:00:00+01:00
0.27533,1.93,2025-07-09 20:00:00+01:00,2025-07-09 21:00:00+01:00
0.06307,0.44,2025-07-09 21:00:00+01:00,2025-07-09 22:00:00+01:00
0.04151,0.29,2025-07-09 22:00:00+01:00,2025-07-09 23:00:00+01:00
0.04948,0.35,2025-07-09 23:00:00+01:00,2025-07-10 00:00:00+01:00
0.00895,0.06,2025-07-10 00:00:00+01:00,2025-07-10 01:00:00+01:00
0.00666,0.05,2025-07-10 01:00:00+01:00,2025-07-10 02:00:00+01:00
0.00787,0.06,2025-07-10 02:00:00+01:00,2025-07-10 03:00:00+01:00
0.00454,0.03,2025-07-10 03:00:00+01:00,2025-07-10 04:00:00+01:00
0.0063,0.04,2025-07-10 04:00:00+01:00,2025-07-10 05:00:00+01:00
0.00248,0.02,2025-07-10 05:00:00+01:00,2025-07-10 06:00:00+01:00
0.15582,1.09,2025-07-10 06:00:00+01:00,2025-07-10 07:00:00+01:00
0.11414,0.8,2025-07-10 07:00:00+01:00,2025-07-10 08:00:00+01:00
0.11638,0.81,2025-07-10 08:00:00+01:00,2025-07-10 09:00:00+01:00
0.1474,1.03,2025-07-10 09:00:00+01:00,2025-07-10 10:00:00+01:00
0.04745,0.33,2025-07-10 10:00:00+01:00,2025-07-10 11:00:00+01:00
0.01256,0.09,2025-07-10 11:00:00+01:00,2025-07-10 12:00:00+01:00
0.04299,0.3,2025-07-10 12:00:00+01:00,2025-07-10 13:00:00+01:00
0.0217,0.15,2025-07-10 13:00:00+01:00,2025-07-10 14:00:00+01:00
0.02776,0.19,2025-07-10 14:00:00+01:00,2025-07-10 15:00:00+01:00
0.01088,0.08,2025-07-10 15:00:00+01:00,2025-07-10 16:00:00+01:00
0.02204,0.15,2025-07-10 16:00:00+01:00,2025-07-10 17:00:00+01:00
0.25079,1.76,2025-07-10 17:00:00+01:00,2025-07-10 18:00:00+01:00
0.11685,0.82,2025-07-10 18:00:00+01:00,2025-07-10 19:00:00+01:00
0.24733,1.73,2025-07-10 19:00:00+01:00,2025-07-10 20:00:00+01:00
0.37813,2.65,2025-07-10 20:00:00+01:00,2025-07-10 21:00:00+01:00
0.02843,0.2,2025-07-10 21:00:00+01:00,2025-07-10 22:00:00+01:00
0.08116,0.57,2025-07-10 22:00:00+01:00,2025-07-10 23:00:00+01:00
0.05277,0.37,2025-07-10 23:00:00+01:00,2025-07-11 00:00:00+01:00
0.00655,0.05,2025-07-11 00:00:00+01:00,2025-07-11 01:00:00+01:00
0.0026,0.02,2025-07-11 01:00:00+01:00,2025-07-11 02:00:00+01:00
0.00159,0.01,2025-07-11 02:00:00+01:00,2025-07-11 03:00:00+01:00
0.0016,0.01,2025-07-11 03:00:00+01:00,2025-07-11 04:00:00+01:00
0.0007,0.0,2025-07-11 04:00:00+01:00,2025-07-11 05:00:00+01:00
0.00186,0.01,2025-07-11 05:00:00+01:00,2025-07-11 06:00:00+01:00
0.14963,1.05,2025-07-11 06:00:00+01:00,2025-07-11 07:00:00+01:00
0.18225,1.28,2025-07-11 07:00:00+01:00,2025-07-11 08:00:00+01:00
0.17212,1.2,2025-07-11 08:00:00+01:00,2025-07-11 09:00:00+01:00
0.15277,1.07,2025-07-11 09:00:00+01:00,2025-07-11 10:00:00+01:00
0.01442,0.1,2025-07-11 10:00:00+01:00,2025-07-11 11:00:00+01:00
0.02157,0.15,2025-07-11 11:00:00+01:00,2025-07-11 12:00:00+01:00
0.02239,0.16,2025-07-11 12:00:00+01:00,2025-07-11 13:00:00+01:00
0.02,0.14,2025-07-11 13:00:00+01:00,2025-07-11 14:00:00+01:00
0.0306,0.21,2025-07-11 14:00:00+01:00,2025-07-11 15:00:00+01:00
0.03142,0.22,2025-07-11 15:00:00+01:00,2025-07-11 16:00:00+01:00
0.02428,0.17,2025-07-11 16:00:00+01:00,2025-07-11 17:00:00+01:00
0.20614,1.44,2025-07-11 17:00:00+01:00,2025-07-11 18:00:00+01:00
0.34857,2.44,2025-07-11 18:00:00+01:00,2025-07-11 19:00:00+01:00
0.33679,2.36,2025-07-11 19:00:00+01:00,2025-07-11 20:00:00+01:00
0.19234,1.35,2025-07-11 20:00:00+01:00,2025-07-11 21:00:00+01:00
0.0931,0.65,2025-07-11 21:00:00+01:00,2025-07-11 22:00:00+01:00
0.09623,0.67,2025-07-11 22:00:00+01:00,2025-07-11 23:00:00+01:00
0.04614,0.32,2025-07-11 23:00:00+01:00,2025-07-12 00:00:00+01:00
0.00354,0.02,2025-07-12 00:00:00+01:00,2025-07-12 01:00:00+01:00
0.00506,0.04,2025-07-12 01:00:00+01:00,2025-07-12 02:00:00+01:00
0.00941,0.07,2025-07-12 02:00:00+01:00,2025-07-12 03:00:00+01:00
0.00876,0.06,2025-07-12 03:00:00+01:00,2025-07-12 04:00:00+01:00
0.00103,0.01,2025-07-12 04:00:00+01:00,2025-07-12 05:00:00+01:00
0.00393,0.03,2025-07-12 05:00:00+01:00,2025-07-12 06:00:00+01:00
0.13301,0.93,2025-07-12 06:00:00+01:00,2025-07-12 07:00:00+01:00
0.12547,0.88,2025-07-12 07:00:00+01:00,2025-07-12 08:00:00+01:00
0.07908,0.55,2025-07-12 08:00:00+01:00,2025-07-12 09:00:00+01:00
0.17882,1.25,2025-07-12 09:00:00+01:00,2025-07-12 10:00:00+01:00
0.03708,0.26,2025-07-12 10:00:00+01:00,2025-07-12 11:00:00+01:00
0.04352,0.3,2025-07-12 11:00:00+01:00,2025-07-12 12:00:00+01:00
0.04435,0.31,2025-07-12 12:00:00+01:00,2025-07-12 13:00:00+01:00
0.03993,0.28,2025-07-12 13:00:00+01:00,2025-07-12 14:00:00+01:00
0.02757,0.19,2025-07-12 14:00:00+01:00,2025-07-12 15:00:00+01:00
0.03442,0.24,2025-07-12 15:00:00+01:00,2025-07-12 16:00:00+01:00
0.01641,0.11,2025-07-12 16:00:00+01:00,2025-07-12 17:00:00+01:00
0.30209,2.11,2025-07-12 17:00:00+01:00,2025-07-12 18:00:00+01:00
0.15378,1.08,2025-07-12 18:00:00+01:00,2025-07-12 19:00:00+01:00
0.30818,2.16,2025-07-12 19:00:00+01:00,2025-07-12 20:00:00+01:00
0.16888,1.18,2025-07-12 20:00:00+01:00,2025-07-12 21:00:00+01:00
0.0294,0.21,2025-07-12 21:00:00+01:00,2025-07-12 22:00:00+01:00
0.03322,0.23,2025-07-12 22:00:00+01:00,2025-07-12 23:00:00+01:00
0.02016,0.14,2025-07-12 23:00:00+01:00,2025-07-13 00:00:00+01:00
0.00719,0.05,2025-07-13 00:00:00+01:00,2025-07-13 01:00:00+01:00
0.00732,0.05,2025-07-13 01:00:00+01:00,2025-07-13 02:00:00+01:00
0.00515,0.04,2025-07-13 02:00:00+01:00,2025-07-13 03:00:00+01:00
0.00161,0.01,2025-07-13 03:00:00+01:00,2025-07-13 04:00:00+01:00
0.00084,0.01,2025-07-13 04:00:00+01:00,2025-07-13 05:00:00+01:00
0.00019,0.0,2025-07-13 05:00:00+01:00,2025-07-13 06:00:00+01:00
0.07486,0.52,2025-07-13 06:00:00+01:00,2025-07-13 07:00:00+01:00
0.18363,1.29,2025-07-13 07:00:00+01:00,2025-07-13 08:00:00+01:00
0.08623,0.6,2025-07-13 08:00:00+01:00,2025-07-13 09:00:00+01:00
0.10314,0.72,2025-07-13 09:00:00+01:00,2025-07-13 10:00:00+01:00
0.01421,0.1,2025-07-13 10:00:00+01:00,2025-07-13 11:00:00+01:00
0.01889,0.13,2025-07-13 11:00:00+01:00,2025-07-13 12:00:00+01:00
0.03077,0.22,2025-07-13 12:00:00+01:00,2025-07-13 13:00:00+01:00
0.03431,0.24,2025-07-13 13:00:00+01:00,2025-07-13 14:00:00+01:00
0.01981,0.14,2025-07-13 14:00:00+01:00,2025-07-13 15:00:00+01:00
0.01231,0.09,2025-07-13 15:00:00+01:00,2025-07-13 16:00:00+01:00
0.02564,0.18,2025-07-13 16:00:00+01:00,2025-07-13 17:00:00+01:00
0.17026,1.19,2025-07-13 17:00:00+01:00,2025-07-13 18:00:00+01:00
0.16587,1.16,2025-07-13 18:00:00+01:00,2025-07-13 19:00:00+01:00
0.38796,2.72,2025-07-13 19:00:00+01:00,2025-07-13 20:00:00+01:00
0.28489,1.99,2025-07-13 20:00:00+01:00,2025-07-13 21:00:00+01:00
0.06455,0.45,2025-07-13 21:00:00+01:00,2025-07-13 22:00:00+01:00
0.05326,0.37,2025-07-13 22:00:00+01:00,2025-07-13 23:00:00+01:00
0.05432,0.38,2025-07-13 23:00:00+01:00,2025-07-14 00:00:00+01:00
0.00541,0.04,2025-07-14 00:00:00+01:00,2025-07-14 01:00:00+01:00
0.00696,0.05,2025-07-14 01:00:00+01:00,2025-07-14 02:00:00+01:00
0.00702,0.05,2025-07-14 02:00:00+01:00,2025-07-14 03:00:00+01:00
0.00172,0.01,2025-07-14 03:00:00+01:00,2025-07-14 04:00:00+01:00
0.005,0.04,2025-07-14 04:00:00+01:00,2025-07-14 05:00:00+01:00
0.00412,0.03,2025-07-14 05:00:00+01:00,2025-07-14 06:00:00+01:00
0.18058,1.26,2025-07-14 06:00:00+01:00,2025-07-14 07:00:00+01:00
0.14471,1.01,2025-07-14 07:00:00+01:00,2025-07-14 08:00:00+01:00
0.12988,0.91,2025-07-14 08:00:00+01:00,2025-07-14 09:00:00+01:00
0.06731,0.47,2025-07-14 09:00:00+01:00,2025-07-14 10:00:00+01:00
0.03423,0.24,2025-07-14 10:00:00+01:00,2025-07-14 11:00:00+01:00
0.01469,0.1,2025-07-14 11:00:00+01:00,2025-07-14 12:00:00+01:00
0.02349,0.16,2025-07-14 12:00:00+01:00,2025-07-14 13:00:00+01:00
0.01571,0.11,2025-07-14 13:00:00+01:00,2025-07-14 14:00:00+01:00
0.03768,0.26,2025-07-14 14:00:00+01:00,2025-07-14 15:00:00+01:00
0.01825,0.13,2025-07-14 15:00:00+01:00,2025-07-14 16:00:00+01:00
0.02567,0.18,2025-07-14 16:00:00+01:00,2025-07-14 17:00:00+01:00
0.3687,2.58,2025-07-14 17:00:00+01:00,2025-07-14 18:00:00+01:00
0.16129,1.13,2025-07-14 18:00:00+01:00,2025-07-14 19:00:00+01:00
0.25234,1.77,2025-07-14 19:00:00+01:00,2025-07-14 20:00:00+01:00
0.22578,1.58,2025-07-14 20:00:00+01:00,2025-07-14 21:00:00+01:00
0.02145,0.15,2025-07-14 21:00:00+01:00,2025-07-14 22:00:00+01:00
0.08342,0.58,2025-07-14 22:00:00+01:00,2025-07-14 23:00:00+01:00
0.02552,0.18,2025-07-14 23:00:00+01:00,2025-07-15 00:00:00+01:00
0.00474,0.03,2025-07-15 00:00:00+01:00,2025-07-15 01:00:00+01:00
0.00561,0.04,2025-07-15 01:00:00+01:00,2025-07-15 02:00:00+01:00
0.00628,0.04,2025-07-15 02:00:00+01:00,2025-07-15 03:00:00+01:00
0.00689,0.05,2025-07-15 03:00:00+01:00,2025-07-15 04:00:00+01:00
0.00253,0.02,2025-07-15 04:00:00+01:00,2025-07-15 05:00:00+01:00
0.0001,0.0,2025-07-15 05:00:00+01:00,2025-07-15 06:00:00+01:00
0.15852,1.11,2025-07-15 06:00:00+01:00,2025-07-15 07:00:00+01:00
0.13035,0.91,2025-07-15 07:00:00+01:00,2025-07-15 08:00:00+01:00
0.17542,1.23,2025-07-15 08:00:00+01:00,2025-07-15 09:00:00+01:00
0.17321,1.21,2025-07-15 09:00:00+01:00,2025-07-15 10:00:00+01:00
0.04373,0.31,2025-07-15 10:00:00+01:00,2025-07-15 11:00:00+01:00
0.0294,0.21,2025-07-15 11:00:00+01:00,2025-07-15 12:00:00+01:00
0.02335,0.16,2025-07-15 12:00:00+01:00,2025-07-15 13:00:00+01:00
0.04166,0.29,2025-07-15 13:00:00+01:00,2025-07-15 14:00:00+01:00
0.02805,0.2,2025-07-15 14:00:00+01:00,2025-07-15 15:00:00+01:00
0.01734,0.12,2025-07-15 15:00:00+01:00,2025-07-15 16:00:00+01:00
0.0442,0.31,2025-07-15 16:00:00+01:00,2025-07-15 17:00:00+01:00
0.36477,2.55,2025-07-15 17:00:00+01:00,2025-07-15 18:00:00+01:00
0.23989,1.68,2025-07-15 18:00:00+01:00,2025-07-15 19:00:00+01:00
0.12271,0.86,2025-07-15 19:00:00+01:00,2025-07-15 20:00:00+01:00
0.21635,1.51,2025-07-15 20:00:00+01:00,2025-07-15 21:00:00+01:00
0.08428,0.59,2025-07-15 21:00:00+01:00,2025-07-15 22:00:00+01:00
0.09214,0.64,2025-07-15 22:00:00+01:00,2025-07-15 23:00:00+01:00
0.03628,0.25,2025-07-15 23:00:00+01:00,2025-07-16 00:00:00+01:00
0.00067,0.0,2025-07-16 00:00:00+01:00,2025-07-16 01:00:00+01:00
0.00877,0.06,2025-07-16 01:00:00+01:00,2025-07-16 02:00:00+01:00
0.00389,0.03,2025-07-16 02:00:00+01:00,2025-07-16 03:00:00+01:00
0.00542,0.04,2025-07-16 03:00:00+01:00,2025-07-16 04:00:00+01:00
0.00968,0.07,2025-07-16 04:00:00+01:00,2025-07-16 05:00:00+01:00
0.00067,0.0,2025-07-16 05:00:00+01:00,2025-07-16 06:00:00+01:00
0.14725,1.03,2025-07-16 06:00:00+01:00,2025-07-16 07:00:00+01:00
0.06112,0.43,2025-07-16 07:00:00+01:00,2025-07-16 08:00:00+01:00
0.10632,0.74,2025-07-16 08:00:00+01:00,2025-07-16 09:00:00+01:00
0.17057,1.19,2025-07-16 09:00:00+01:00,2025-07-16 10:00:00+01:00
0.02734,0.19,2025-07-16 10:00:00+01:00,2025-07-16 11:00:00+01:00
0.04989,0.35,2025-07-16 11:00:00+01:00,2025-07-16 12:00:00+01:00
0.03236,0.23,2025-07-16 12:00:00+01:00,2025-07-16 13:00:00+01:00
0.02285,0.16,2025-07-16 13:00:00+01:00,2025-07-16 14:00:00+01:00
0.0188,0.13,2025-07-16 14:00:00+01:00,2025-07-16 15:00:00+01:00
0.02402,0.17,2025-07-16 15:00:00+01:00,2025-07-16 16:00:00+01:00
0.0249,0.17,2025-07-16 16:00:00+01:00,2025-07-16 17:00:00+01:00
0.12061,0.84,2025-07-16 17:00:00+01:00,2025-07-16 18:00:00+01:00
0.21087,1.48,2025-07-16 18:00:00+01:00,2025-07-16 19:00:00+01:00
0.23927,1.67,2025-07-16 19:00:00+01:00,2025-07-16 20:00:00+01:00
0.31682,2.22,2025-07-16 20:00:00+01:00,2025-07-16 21:00:00+01:00
0.07254,0.51,2025-07-16 21:00:00+01:00,2025-07-16 22:00:00+01:00
0.0767,0.54,2025-07-16 22:00:00+01:00,2025-07-16 23:00:00+01:00
0.02067,0.14,2025-07-16 23:00:00+01:00,2025-07-17 00:00:00+01:00
0.00218,0.02,2025-07-17 00:00:00+01:00,2025-07-17 01:00:00+01:00
0.00662,0.05,2025-07-17 01:00:00+01:00,2025-07-17 02:00:00+01:00
0.00484,0.03,2025-07-17 02:00:00+01:00,2025-07-17 03:00:00+01:00
5e-05,0.0,2025-07-17 03:00:00+01:00,2025-07-17 04:00:00+01:00
0.00804,0.06,2025-07-17 04:00:00+01:00,2025-07-17 05:00:00+01:00
0.00773,0.05,2025-07-17 05:00:00+01:00,2025-07-17 06:00:00+01:00
0.13226,0.93,2025-07-17 06:00:00+01:00,2025-07-17 07:00:00+01:00
0.05997,0.42,2025-07-17 07:00:00+01:00,2025-07-17 08:00:00+01:00
0.16498,1.15,2025-07-17 08:00:00+01:00,2025-07-17 09:00:00+01:00
0.13756,0.96,2025-07-17 09:00:00+01:00,2025-07-17 10:00:00+01:00
0.04128,0.29,2025-07-17 10:00:00+01:00,2025-07-17 11:00:00+01:00
0.04007,0.28,2025-07-17 11:00:00+01:00,2025-07-17 12:00:00+01:00
0.04212,0.29,2025-07-17 12:00:00+01:00,2025-07-17 13:00:00+01:00
0.03072,0.22,2025-07-17 13:00:00+01:00,2025-07-17 14:00:00+01:00
0.01561,0.11,2025-07-17 14:00:00+01:00,2025-07-17 15:00:00+01:00
0.03685,0.26,2025-07-17 15:00:00+01:00,2025-07-17 16:00:00+01:00
0.03482,0.24,2025-07-17 16:00:00+01:00,2025-07-17 17:00:00+01:00
0.32268,2.26,2025-07-17 17:00:00+01:00,2025-07-17 18:00:00+01:00
0.15096,1.06,2025-07-17 18:00:00+01:00,2025-07-17 19:00:00+01:00
0.15849,1.11,2025-07-17 19:00:00+01:00,2025-07-17 20:00:00+01:00
0.36712,2.57,2025-07-17 20:00:00+01:00,2025-07-17 21:00:00+01:00
0.08,0.56,2025-07-17 21:00:00+01:00,2025-07-17 22:00:00+01:00
0.09266,0.65,2025-07-17 22:00:00+01:00,2025-07-17 23:00:00+01:00
0.0807,0.56,2025-07-17 23:00:00+01:00,2025-07-18 00:00:00+01:00
0.00597,0.04,2025-07-18 00:00:00+01:00,2025-07-18 01:00:00+01:00
0.00654,0.05,2025-07-18 01:00:00+01:00,2025-07-18 02:00:00+01:00
0.00889,0.06,2025-07-18 02:00:00+01:00,2025-07-18 03:00:00+01:00
0.00579,0.04,2025-07-18 03:00:00+01:00,2025-07-18 04:00:00+01:00
0.00632,0.04,2025-07-18 04:00:00+01:00,2025-07-18 05:00:00+01:00
0.00156,0.01,2025-07-18 05:00:00+01:00,2025-07-18 06:00:00+01:00
0.12109,0.85,2025-07-18 06:00:00+01:00,2025-07-18 07:00:00+01:00
0.15746,1.1,2025-07-18 07:00:00+01:00,2025-07-18 08:00:00+01:00
0.09064,0.63,2025-07-18 08:00:00+01:00,2025-07-18 09:00:00+01:00
0.08034,0.56,2025-07-18 09:00:00+01:00,2025-07-18 10:00:00+01:00
0.02255,0.16,2025-07-18 10:00:00+01:00,2025-07-18 11:00:00+01:00
0.01966,0.14,2025-07-18 11:00:00+01:00,2025-07-18 12:00:00+01:00
0.0186,0.13,2025-07-18 12:00:00+01:00,2025-07-18 13:00:00+01:00
0.02699,0.19,2025-07-18 13:00:00+01:00,2025-07-18 14:00:00+01:00
0.04631,0.32,2025-07-18 14:00:00+01:00,2025-07-18 15:00:00+01:00
0.03028,0.21,2025-07-18 15:00:00+01:00,2025-07-18 16:00:00+01:00
0.01752,0.12,2025-07-18 16:00:00+01:00,2025-07-18 17:00:00+01:00
0.12309,0.86,2025-07-18 17:00:00+01:00,2025-07-18 18:00:00+01:00
0.30885,2.16,2025-07-18 18:00:00+01:00,2025-07-18 19:00:00+01:00
0.21484,1.5,2025-07-18 19:00:00+01:00,2025-07-18 20:00:00+01:00
0.34655,2.43,2025-07-18 20:00:00+01:00,2025-07-18 21:00:00+01:00
0.07276,0.51,2025-07-18 21:00:00+01:00,2025-07-18 22:00:00+01:00
0.0837,0.59,2025-07-18 22:00:00+01:00,2025-07-18 23:00:00+01:00
0.04176,0.29,2025-07-18 23:00:00+01:00,2025-07-19 00:00:00+01:00
0.00692,0.05,2025-07-19 00:00:00+01:00,2025-07-19 01:00:00+01:00
0.00264,0.02,2025-07-19 01:00:00+01:00,2025-07-19 02:00:00+01:00
0.00939,0.07,2025-07-19 02:00:00+01:00,2025-07-19 03:00:00+01:00
0.00636,0.04,2025-07-19 03:00:00+01:00,2025-07-19 04:00:00+01:00
0.00325,0.02,2025-07-19 04:00:00+01:00,2025-07-19 05:00:00+01:00
0.0027,0.02,2025-07-19 05:00:00+01:00,2025-07-19 06:00:00+01:00
0.07864,0.55,2025-07-19 06:00:00+01:00,2025-07-19 07:00:00+01:00
0.1542,1.08,2025-07-19 07:00:00+01:00,2025-07-19 08:00:00+01:00
0.08281,0.58,2025-07-19 08:00:00+01:00,2025-07-19 09:00:00+01:00
0.1393,0.98,2025-07-19 09:00:00+01:00,2025-07-19 10:00:00+01:00
0.02059,0.14,2025-07-19 10:00:00+01:00,2025-07-19 11:00:00+01:00
0.03648,0.26,2025-07-19 11:00:00+01:00,2025-07-19 12:00:00+01:00
0.0426,0.3,2025-07-19 12:00:00+01:00,2025-07-19 13:00:00+01:00
0.04112,0.29,2025-07-19 13:00:00+01:00,2025-07-19 14:00:00+01:00
0.04043,0.28,2025-07-19 14:00:00+01:00,2025-07-19 15:00:00+01:00
0.01751,0.12,2025-07-19 15:00:00+01:00,2025-07-19 16:00:00+01:00
0.01354,0.09,2025-07-19 16:00:00+01:00,2025-07-19 17:00:00+01:00
0.30968,2.17,2025-07-19 17:00:00+01:00,2025-07-19 18:00:00+01:00
0.2105,1.47,2025-07-19 18:00:00+01:00,2025-07-19 19:00:00+01:00
0.2297,1.61,2025-07-19 19:00:00+01:00,2025-07-19 20:00:00+01:00
0.10934,0.77,2025-07-19 20:00:00+01:00,2025-07-19 21:00:00+01:00
0.04077,0.29,2025-07-19 21:00:00+01:00,2025-07-19 22:00:00+01:00
0.02269,0.16,2025-07-19 22:00:00+01:00,2025-07-19 23:00:00+01:00
0.09033,0.63,2025-07-19 23:00:00+01:00,2025-07-20 00:00:00+01:00
0.00243,0.02,2025-07-20 00:00:00+01:00,2025-07-20 01:00:00+01:00
0.00557,0.04,2025-07-20 01:00:00+01:00,2025-07-20 02:00:00+01:00
0.00039,0.0,2025-07-20 02:00:00+01:00,2025-07-20 03:00:00+01:00
0.00667,0.05,2025-07-20 03:00:00+01:00,2025-07-20 04:00:00+01:00
0.00323,0.02,2025-07-20 04:00:00+01:00,2025-07-20 05:00:00+01:00
0.00898,0.06,2025-07-20 05:00:00+01:00,2025-07-20 06:00:00+01:00
0.18322,1.28,2025-07-20 06:00:00+01:00,2025-07-20 07:00:00+01:00
0.09879,0.69,2025-07-20 07:00:00+01:00,2025-07-20 08:00:00+01:00
0.18514,1.3,2025-07-20 08:00:00+01:00,2025-07-20 09:00:00+01:00
0.19942,1.4,2025-07-20 09:00:00+01:00,2025-07-20 10:00:00+01:00
0.04302,0.3,2025-07-20 10:00:00+01:00,2025-07-20 11:00:00+01:00
0.04379,0.31,2025-07-20 11:00:00+01:00,2025-07-20 12:00:00+01:00
0.01996,0.14,2025-07-20 12:00:00+01:00,2025-07-20 13:00:00+01:00
0.03307,0.23,2025-07-20 13:00:00+01:00,2025-07-20 14:00:00+01:00
0.01269,0.09,2025-07-20 14:00:00+01:00,2025-07-20 15:00:00+01:00
0.0138,0.1,2025-07-20 15:00:00+01:00,2025-07-20 16:00:00+01:00
0.04996,0.35,2025-07-20 16:00:00+01:00,2025-07-20 17:00:00+01:00
0.19799,1.39,2025-07-20 17:00:00+01:00,2025-07-20 18:00:00+01:00
0.32446,2.27,2025-07-20 18:00:00+01:00,2025-07-20 19:00:00+01:00
0.342,2.39,2025-07-20 19:00:00+01:00,2025-07-20 20:00:00+01:00
0.35741,2.5,2025-07-20 20:00:00+01:00,2025-07-20 21:00:00+01:00
0.09981,0.7,2025-07-20 21:00:00+01:00,2025-07-20 22:00:00+01:00
0.03932,0.28,2025-07-20 22:00:00+01:00,2025-07-20 23:00:00+01:00
0.02323,0.16,2025-07-20 23:00:00+01:00,2025-07-21 00:00:00+01:00
0.00411,0.03,2025-07-21 00:00:00+01:00,2025-07-21 01:00:00+01:00
0.0013,0.01,2025-07-21 01:00:00+01:00,2025-07-21 02:00:00+01:00
0.00022,0.0,2025-07-21 02:00:00+01:00,2025-07-21 03:00:00+01:00
0.0036,0.03,2025-07-21 03:00:00+01:00,2025-07-21 04:00:00+01:00
0.00784,0.05,2025-07-21 04:00:00+01:00,2025-07-21 05:00:00+01:00
0.00566,0.04,2025-07-21 05:00:00+01:00,2025-07-21 06:00:00+01:00
0.09692,0.68,2025-07-21 06:00:00+01:00,2025-07-21 07:00:00+01:00
0.14815,1.04,2025-07-21 07:00:00+01:00,2025-07-21 08:00:00+01:00
0.0848,0.59,2025-07-21 08:00:00+01:00,2025-07-21 09:00:00+01:00
0.05216,0.37,2025-07-21 09:00:00+01:00,2025-07-21 10:00:00+01:00
0.04057,0.28,2025-07-21 10:00:00+01:00,2025-07-21 11:00:00+01:00
0.03495,0.24,2025-07-21 11:00:00+01:00,2025-07-21 12:00:00+01:00
0.04049,0.28,2025-07-21 12:00:00+01:00,2025-07-21 13:00:00+01:00
0.01156,0.08,2025-07-21 13:00:00+01:00,2025-07-21 14:00:00+01:00
0.04348,0.3,2025-07-21 14:00:00+01:00,2025-07-21 15:00:00+01:00
0.03478,0.24,2025-07-21 15:00:00+01:00,2025-07-21 16:00:00+01:00
0.03254,0.23,2025-07-21 16:00:00+01:00,2025-07-21 17:00:00+01:00
0.28738,2.01,2025-07-21 17:00:00+01:00,2025-07-21 18:00:00+01:00
0.35933,2.52,2025-07-21 18:00:00+01:00,2025-07-21 19:00:00+01:00
0.27608,1.93,2025-07-21 19:00:00+01:00,2025-07-21 20:00:00+01:00
0.27429,1.92,2025-07-21 20:00:00+01:00,2025-07-21 21:00:00+01:00
0.09925,0.69,2025-07-21 21:00:00+01:00,2025-07-21 22:00:00+01:00
0.08054,0.56,2025-07-21 22:00:00+01:00,2025-07-21 23:00:00+01:00
0.05538,0.39,2025-07-21 23:00:00+01:00,2025-07-22 00:00:00+01:00
0.00707,0.05,2025-07-22 00:00:00+01:00,2025-07-22 01:00:00+01:00
0.00389,0.03,2025-07-22 01:00:00+01:00,2025-07-22 02:00:00+01:00
0.00229,0.02,2025-07-22 02:00:00+01:00,2025-07-22 03:00:00+01:00
0.00597,0.04,2025-07-22 03:00:00+01:00,2025-07-22 04:00:00+01:00
0.00928,0.06,2025-07-22 04:00:00+01:00,2025-07-22 05:00:00+01:00
0.00929,0.07,2025-07-22 05:00:00+01:00,2025-07-22 06:00:00+01:00
0.10129,0.71,2025-07-22 06:00:00+01:00,2025-07-22 07:00:00+01:00
0.12915,0.9,2025-07-22 07:00:00+01:00,2025-07-22 08:00:00+01:00
0.08175,0.57,2025-07-22 08:00:00+01:00,2025-07-22 09:00:00+01:00
0.19934,1.4,2025-07-22 09:00:00+01:00,2025-07-22 10:00:00+01:00
0.04924,0.34,2025-07-22 10:00:00+01:00,2025-07-22 11:00:00+01:00
0.03598,0.25,2025-07-22 11:00:00+01:00,2025-07-22 12:00:00+01:00
0.04218,0.3,2025-07-22 12:00:00+01:00,2025-07-22 13:00:00+01:00
0.0386,0.27,2025-07-22 13:00:00+01:00,2025-07-22 14:00:00+01:00
0.03373,0.24,2025-07-22 14:00:00+01:00,2025-07-22 15:00:00+01:00
0.01213,0.08,2025-07-22 15:00:00+01:00,2025-07-22 16:00:00+01:00
0.02819,0.2,2025-07-22 16:00:00+01:00,2025-07-22 17:00:00+01:00
0.30244,2.12,2025-07-22 17:00:00+01:00,2025-07-22 18:00:00+01:00
0.30326,2.12,2025-07-22 18:00:00+01:00,2025-07-22 19:00:00+01:00
0.21194,1.48,2025-07-22 19:00:00+01:00,2025-07-22 20:00:00+01:00
0.38251,2.68,2025-07-22 20:00:00+01:00,2025-07-22 21:00:00+01:00
0.03339,0.23,2025-07-22 21:00:00+01:00,2025-07-22 22:00:00+01:00
0.06003,0.42,2025-07-22 22:00:00+01:00,2025-07-22 23:00:00+01:00
0.07527,0.53,2025-07-22 23:00:00+01:00,2025-07-23 00:00:00+01:00
0.00697,0.05,2025-07-23 00:00:00+01:00,2025-07-23 01:00:00+01:00
0.00649,0.05,2025-07-23 01:00:00+01:00,2025-07-23 02:00:00+01:00
0.00275,0.02,2025-07-23 02:00:00+01:00,2025-07-23 03:00:00+01:00
0.00156,0.01,2025-07-23 03:00:00+01:00,2025-07-23 04:00:00+01:00
0.00636,0.04,2025-07-23 04:00:00+01:00,2025-07-23 05:00:00+01:00
0.00599,0.04,2025-07-23 05:00:00+01:00,2025-07-23 06:00:00+01:00
0.0769,0.54,2025-07-23 06:00:00+01:00,2025-07-23 07:00:00+01:00
0.15577,1.09,2025-07-23 07:00:00+01:00,2025-07-23 08:00:00+01:00
0.11828,0.83,2025-07-23 08:00:00+01:00,2025-07-23 09:00:00+01:00
0.15016,1.05,2025-07-23 09:00:00+01:00,2025-07-23 10:00:00+01:00
0.04349,0.3,2025-07-23 10:00:00+01:00,2025-07-23 11:00:00+01:00
0.01679,0.12,2025-07-23 11:00:00+01:00,2025-07-23 12:00:00+01:00
0.01077,0.08,2025-07-23 12:00:00+01:00,2025-07-23 13:00:00+01:00
0.04116,0.29,2025-07-23 13:00:00+01:00,2025-07-23 14:00:00+01:00
0.03439,0.24,2025-07-23 14:00:00+01:00,2025-07-23 15:00:00+01:00
0.03799,0.27,2025-07-23 15:00:00+01:00,2025-07-23 16:00:00+01:00
0.04353,0.3,2025-07-23 16:00:00+01:00,2025-07-23 17:00:00+01:00
0.34084,2.39,2025-07-23 17:00:00+01:00,2025-07-23 18:00:00+01:00
0.38828,2.72,2025-07-23 18:00:00+01:00,2025-07-23 19:00:00+01:00
0.26078,1.83,2025-07-23 19:00:00+01:00,2025-07-23 20:00:00+01:00
0.24655,1.73,2025-07-23 20:00:00+01:00,2025-07-23 21:00:00+01:00
0.05215,0.37,2025-07-23 21:00:00+01:00,2025-07-23 22:00:00+01:00
0.0323,0.23,2025-07-23 22:00:00+01:00,2025-07-23 23:00:00+01:00
0.06581,0.46,2025-07-23 23:00:00+01:00,2025-07-24 00:00:00+01:00
0.00277,0.02,2025-07-24 00:00:00+01:00,2025-07-24 01:00:00+01:00
0.00921,0.06,2025-07-24 01:00:00+01:00,2025-07-24 02:00:00+01:00
0.00583,0.04,2025-07-24 02:00:00+01:00,2025-07-24 03:00:00+01:00
0.00593,0.04,2025-07-24 03:00:00+01:00,2025-07-24 04:00:00+01:00
0.00355,0.02,2025-07-24 04:00:00+01:00,2025-07-24 05:00:00+01:00
0.00052,0.0,2025-07-24 05:00:00+01:00,2025-07-24 06:00:00+01:00
0.05476,0.38,2025-07-24 06:00:00+01:00,2025-07-24 07:00:00+01:00
0.1135,0.79,2025-07-24 07:00:00+01:00,2025-07-24 08:00:00+01:00
0.06268,0.44,2025-07-24 08:00:00+01:00,2025-07-24 09:00:00+01:00
0.14103,0.99,2025-07-24 09:00:00+01:00,2025-07-24 10:00:00+01:00
0.04524,0.32,2025-07-24 10:00:00+01:00,2025-07-24 11:00:00+01:00
0.04532,0.32,2025-07-24 11:00:00+01:00,2025-07-24 12:00:00+01:00
0.03636,0.25,2025-07-24 12:00:00+01:00,2025-07-24 13:00:00+01:00
0.01845,0.13,2025-07-24 13:00:00+01:00,2025-07-24 14:00:00+01:00
0.04452,0.31,2025-07-24 14:00:00+01:00,2025-07-24 15:00:00+01:00
0.04544,0.32,2025-07-24 15:00:00+01:00,2025-07-24 16:00:00+01:00
0.01787,0.13,2025-07-24 16:00:00+01:00,2025-07-24 17:00:00+01:00
0.32123,2.25,2025-07-24 17:00:00+01:00,2025-07-24 18:00:00+01:00
0.18596,1.3,2025-07-24 18:00:00+01:00,2025-07-24 19:00:00+01:00
0.34079,2.39,2025-07-24 19:00:00+01:00,2025-07-24 20:00:00+01:00
0.39917,2.79,2025-07-24 20:00:00+01:00,2025-07-24 21:00:00+01:00
0.0224,0.16,2025-07-24 21:00:00+01:00,2025-07-24 22:00:00+01:00
0.09179,0.64,2025-07-24 22:00:00+01:00,2025-07-24 23:00:00+01:00
0.06981,0.49,2025-07-24 23:00:00+01:00,2025-07-25 00:00:00+01:00
0.00973,0.07,2025-07-25 00:00:00+01:00,2025-07-25 01:00:00+01:00
0.00465,0.03,2025-07-25 01:00:00+01:00,2025-07-25 02:00:00+01:00
0.00847,0.06,2025-07-25 02:00:00+01:00,2025-07-25 03:00:00+01:00
0.00062,0.0,2025-07-25 03:00:00+01:00,2025-07-25 04:00:00+01:00
0.00335,0.02,2025-07-25 04:00:00+01:00,2025-07-25 05:00:00+01:00
0.00067,0.0,2025-07-25 05:00:00+01:00,2025-07-25 06:00:00+01:00
0.1963,1.37,2025-07-25 06:00:00+01:00,2025-07-25 07:00:00+01:00
0.17255,1.21,2025-07-25 07:00:00+01:00,2025-07-25 08:00:00+01:00
0.17788,1.25,2025-07-25 08:00:00+01:00,2025-07-25 09:00:00+01:00
0.19069,1.33,2025-07-25 09:00:00+01:00,2025-07-25 10:00:00+01:00
0.0134,0.09,2025-07-25 10:00:00+01:00,2025-07-25 11:00:00+01:00
0.02542,0.18,2025-07-25 11:00:00+01:00,2025-07-25 12:00:00+01:00
0.01284,0.09,2025-07-25 12:00:00+01:00,2025-07-25 13:00:00+01:00
0.01843,0.13,2025-07-25 13:00:00+01:00,2025-07-25 14:00:00+01:00
0.01917,0.13,2025-07-25 14:00:00+01:00,2025-07-25 15:00:00+01:00
0.02876,0.2,2025-07-25 15:00:00+01:00,2025-07-25 16:00:00+01:00
0.02074,0.15,2025-07-25 16:00:00+01:00,2025-07-25 17:00:00+01:00
0.13029,0.91,2025-07-25 17:00:00+01:00,2025-07-25 18:00:00+01:00
0.15025,1.05,2025-07-25 18:00:00+01:00,2025-07-25 19:00:00+01:00
0.14418,1.01,2025-07-25 19:00:00+01:00,2025-07-25 20:00:00+01:00
0.39192,2.74,2025-07-25 20:00:00+01:00,2025-07-25 21:00:00+01:00
0.08074,0.57,2025-07-25 21:00:00+01:00,2025-07-25 22:00:00+01:00
0.09742,0.68,2025-07-25 22:00:00+01:00,2025-07-25 23:00:00+01:00
0.05518,0.39,2025-07-25 23:00:00+01:00,2025-07-26 00:00:00+01:00
0.00278,0.02,2025-07-26 00:00:00+01:00,2025-07-26 01:00:00+01:00
0.00798,0.06,2025-07-26 01:00:00+01:00,2025-07-26 02:00:00+01:00
0.00326,0.02,2025-07-26 02:00:00+01:00,2025-07-26 03:00:00+01:00
0.00299,0.02,2025-07-26 03:00:00+01:00,2025-07-26 04:00:00+01:00
0.00233,0.02,2025-07-26 04:00:00+01:00,2025-07-26 05:00:00+01:00
0.0013,0.01,2025-07-26 05:00:00+01:00,2025-07-26 06:00:00+01:00
0.08847,0.62,2025-07-26 06:00:00+01:00,2025-07-26 07:00:00+01:00
0.1033,0.72,2025-07-26 07:00:00+01:00,2025-07-26 08:00:00+01:00
0.1511,1.06,2025-07-26 08:00:00+01:00,2025-07-26 09:00:00+01:00
0.05938,0.42,2025-07-26 09:00:00+01:00,2025-07-26 10:00:00+01:00
0.01842,0.13,2025-07-26 10:00:00+01:00,2025-07-26 11:00:00+01:00
0.04236,0.3,2025-07-26 11:00:00+01:00,2025-07-26 12:00:00+01:00
0.01588,0.11,2025-07-26 12:00:00+01:00,2025-07-26 13:00:00+01:00
0.02371,0.17,2025-07-26 13:00:00+01:00,2025-07-26 14:00:00+01:00
0.04459,0.31,2025-07-26 14:00:00+01:00,2025-07-26 15:00:00+01:00
0.0162,0.11,2025-07-26 15:00:00+01:00,2025-07-26 16:00:00+01:00
0.01331,0.09,2025-07-26 16:00:00+01:00,2025-07-26 17:00:00+01:00
0.24536,1.72,2025-07-26 17:00:00+01:00,2025-07-26 18:00:00+01:00
0.19073,1.34,2025-07-26 18:00:00+01:00,2025-07-26 19:00:00+01:00
0.26902,1.88,2025-07-26 19:00:00+01:00,2025-07-26 20:00:00+01:00
0.34114,2.39,2025-07-26 20:00:00+01:00,2025-07-26 21:00:00+01:00
0.03097,0.22,2025-07-26 21:00:00+01:00,2025-07-26 22:00:00+01:00
0.06646,0.47,2025-07-26 22:00:00+01:00,2025-07-26 23:00:00+01:00
0.06044,0.42,2025-07-26 23:00:00+01:00,2025-07-27 00:00:00+01:00
0.00144,0.01,2025-07-27 00:00:00+01:00,2025-07-27 01:00:00+01:00
0.00624,0.04,2025-07-27 01:00:00+01:00,2025-07-27 02:00:00+01:00
0.00274,0.02,2025-07-27 02:00:00+01:00,2025-07-27 03:00:00+01:00
0.00488,0.03,2025-07-27 03:00:00+01:00,2025-07-27 04:00:00+01:00
0.00082,0.01,2025-07-27 04:00:00+01:00,2025-07-27 05:00:00+01:00
0.0046,0.03,2025-07-27 05:00:00+01:00,2025-07-27 06:00:00+01:00
0.09597,0.67,2025-07-27 06:00:00+01:00,2025-07-27 07:00:00+01:00
0.17336,1.21,2025-07-27 07:00:00+01:00,2025-07-27 08:00:00+01:00
0.05855,0.41,2025-07-27 08:00:00+01:00,2025-07-27 09:00:00+01:00
0.11279,0.79,2025-07-27 09:00:00+01:00,2025-07-27 10:00:00+01:00
0.02834,0.2,2025-07-27 10:00:00+01:00,2025-07-27 11:00:00+01:00
0.039,0.27,2025-07-27 11:00:00+01:00,2025-07-27 12:00:00+01:00
0.03297,0.23,2025-07-27 12:00:00+01:00,2025-07-27 13:00:00+01:00
0.03669,0.26,2025-07-27 13:00:00+01:00,2025-07-27 14:00:00+01:00
0.04108,0.29,2025-07-27 14:00:00+01:00,2025-07-27 15:00:00+01:00
0.04449,0.31,2025-07-27 15:00:00+01:00,2025-07-27 16:00:00+01:00
0.02256,0.16,2025-07-27 16:00:00+01:00,2025-07-27 17:00:00+01:00
0.26141,1.83,2025-07-27 17:00:00+01:00,2025-07-27 18:00:00+01:00
0.35203,2.46,2025-07-27 18:00:00+01:00,2025-07-27 19:00:00+01:00
0.39684,2.78,2025-07-27 19:00:00+01:00,2025-07-27 20:00:00+01:00
0.36686,2.57,2025-07-27 20:00:00+01:00,2025-07-27 21:00:00+01:00
0.04972,0.35,2025-07-27 21:00:00+01:00,2025-07-27 22:00:00+01:00
0.03561,0.25,2025-07-27 22:00:00+01:00,2025-07-27 23:00:00+01:00
0.05915,0.41,2025-07-27 23:00:00+01:00,2025-07-28 00:00:00+01:00
0.00742,0.05,2025-07-28 00:00:00+01:00,2025-07-28 01:00:00+01:00
0.00493,0.03,2025-07-28 01:00:00+01:00,2025-07-28 02:00:00+01:00
0.00483,0.03,2025-07-28 02:00:00+01:00,2025-07-28 03:00:00+01:00
0.00838,0.06,2025-07-28 03:00:00+01:00,2025-07-28 04:00:00+01:00
0.00361,0.03,2025-07-28 04:00:00+01:00,2025-07-28 05:00:00+01:00
0.0086,0.06,2025-07-28 05:00:00+01:00,2025-07-28 06:00:00+01:00
0.11102,0.78,2025-07-28 06:00:00+01:00,2025-07-28 07:00:00+01:00
0.09923,0.69,2025-07-28 07:00:00+01:00,2025-07-28 08:00:00+01:00
0.1181,0.83,2025-07-28 08:00:00+01:00,2025-07-28 09:00:00+01:00
0.16437,1.15,2025-07-28 09:00:00+01:00,2025-07-28 10:00:00+01:00
0.01504,0.11,2025-07-28 10:00:00+01:00,2025-07-28 11:00:00+01:00
0.01786,0.13,2025-07-28 11:00:00+01:00,2025-07-28 12:00:00+01:00
0.04806,0.34,2025-07-28 12:00:00+01:00,2025-07-28 13:00:00+01:00
0.01702,0.12,2025-07-28 13:00:00+01:00,2025-07-28 14:00:00+01:00
0.03271,0.23,2025-07-28 14:00:00+01:00,2025-07-28 15:00:00+01:00
0.03317,0.23,2025-07-28 15:00:00+01:00,2025-07-28 16:00:00+01:00
0.02958,0.21,2025-07-28 16:00:00+01:00,2025-07-28 17:00:00+01:00
0.29342,2.05,2025-07-28 17:00:00+01:00,2025-07-28 18:00:00+01:00
0.16895,1.18,2025-07-28 18:00:00+01:00,2025-07-28 19:00:00+01:00
0.2658,1.86,2025-07-28 19:00:00+01:00,2025-07-28 20:00:00+01:00
0.21165,1.48,2025-07-28 20:00:00+01:00,2025-07-28 21:00:00+01:00
0.07293,0.51,2025-07-28 21:00:00+01:00,2025-07-28 22:00:00+01:00
0.0313,0.22,2025-07-28 22:00:00+01:00,2025-07-28 23:00:00+01:00
0.06567,0.46,2025-07-28 23:00:00+01:00,2025-07-29 00:00:00+01:00
0.00185,0.01,2025-07-29 00:00:00+01:00,2025-07-29 01:00:00+01:00
0.00279,0.02,2025-07-29 01:00:00+01:00,2025-07-29 02:00:00+01:00
0.00219,0.02,2025-07-29 02:00:00+01:00,2025-07-29 03:00:00+01:00
0.00183,0.01,2025-07-29 03:00:00+01:00,2025-07-29 04:00:00+01:00
0.00826,0.06,2025-07-29 04:00:00+01:00,2025-07-29 05:00:00+01:00
0.00286,0.02,2025-07-29 05:00:00+01:00,2025-07-29 06:00:00+01:00
0.18907,1.32,2025-07-29 06:00:00+01:00,2025-07-29 07:00:00+01:00
0.19549,1.37,2025-07-29 07:00:00+01:00,2025-07-29 08:00:00+01:00
0.13569,0.95,2025-07-29 08:00:00+01:00,2025-07-29 09:00:00+01:00
0.07145,0.5,2025-07-29 09:00:00+01:00,2025-07-29 10:00:00+01:00
0.02498,0.17,2025-07-29 10:00:00+01:00,2025-07-29 11:00:00+01:00
0.04191,0.29,2025-07-29 11:00:00+01:00,2025-07-29 12:00:00+01:00
0.0247,0.17,2025-07-29 12:00:00+01:00,2025-07-29 13:00:00+01:00
0.01348,0.09,2025-07-29 13:00:00+01:00,2025-07-29 14:00:00+01:00
0.03227,0.23,2025-07-29 14:00:00+01:00,2025-07-29 15:00:00+01:00
0.0438,0.31,2025-07-29 15:00:00+01:00,2025-07-29 16:00:00+01:00
0.04184,0.29,2025-07-29 16:00:00+01:00,2025-07-29 17:00:00+01:00
0.15254,1.07,2025-07-29 17:00:00+01:00,2025-07-29 18:00:00+01:00
0.30183,2.11,2025-07-29 18:00:00+01:00,2025-07-29 19:00:00+01:00
0.16615,1.16,2025-07-29 19:00:00+01:00,2025-07-29 20:00:00+01:00
0.16546,1.16,2025-07-29 20:00:00+01:00,2025-07-29 21:00:00+01:00
0.08993,0.63,2025-07-29 21:00:00+01:00,2025-07-29 22:00:00+01:00
0.03997,0.28,2025-07-29 22:00:00+01:00,2025-07-29 23:00:00+01:00
0.04106,0.29,2025-07-29 23:00:00+01:00,2025-07-30 00:00:00+01:00
1e-05,0.0,2025-07-30 00:00:00+01:00,2025-07-30 01:00:00+01:00
0.00871,0.06,2025-07-30 01:00:00+01:00,2025-07-30 02:00:00+01:00
0.00793,0.06,2025-07-30 02:00:00+01:00,2025-07-30 03:00:00+01:00
0.00627,0.04,2025-07-30 03:00:00+01:00,2025-07-30 04:00:00+01:00
0.0075,0.05,2025-07-30 04:00:00+01:00,2025-07-30 05:00:00+01:00
0.00152,0.01,2025-07-30 05:00:00+01:00,2025-07-30 06:00:00+01:00
0.11875,0.83,2025-07-30 06:00:00+01:00,2025-07-30 07:00:00+01:00
0.10268,0.72,2025-07-30 07:00:00+01:00,2025-07-30 08:00:00+01:00
0.06407,0.45,2025-07-30 08:00:00+01:00,2025-07-30 09:00:00+01:00
0.12292,0.86,2025-07-30 09:00:00+01:00,2025-07-30 10:00:00+01:00
0.04683,0.33,2025-07-30 10:00:00+01:00,2025-07-30 11:00:00+01:00
0.0116,0.08,2025-07-30 11:00:00+01:00,2025-07-30 12:00:00+01:00
0.02166,0.15,2025-07-30 12:00:00+01:00,2025-07-30 13:00:00+01:00
0.0183,0.13,2025-07-30 13:00:00+01:00,2025-07-30 14:00:00+01:00
0.01953,0.14,2025-07-30 14:00:00+01:00,2025-07-30 15:00:00+01:00
0.04634,0.32,2025-07-30 15:00:00+01:00,2025-07-30 16:00:00+01:00
0.02872,0.2,2025-07-30 16:00:00+01:00,2025-07-30 17:00:00+01:00
0.23989,1.68,2025-07-30 17:00:00+01:00,2025-07-30 18:00:00+01:00
0.32817,2.3,2025-07-30 18:00:00+01:00,2025-07-30 19:00:00+01:00
0.14635,1.02,2025-07-30 19:00:00+01:00,2025-07-30 20:00:00+01:00
0.24618,1.72,2025-07-30 20:00:00+01:00,2025-07-30 21:00:00+01:00
0.0544,0.38,2025-07-30 21:00:00+01:00,2025-07-30 22:00:00+01:00
0.06775,0.47,2025-07-30 22:00:00+01:00,2025-07-30 23:00:00+01:00
0.09996,0.7,2025-07-30 23:00:00+01:00,2025-07-31 00:00:00+01:00
0.00769,0.05,2025-07-31 00:00:00+01:00,2025-07-31 01:00:00+01:00
0.00398,0.03,2025-07-31 01:00:00+01:00,2025-07-31 02:00:00+01:00
0.00828,0.06,2025-07-31 02:00:00+01:00,2025-07-31 03:00:00+01:00
0.00171,0.01,2025-07-31 03:00:00+01:00,2025-07-31 04:00:00+01:00
0.0003,0.0,2025-07-31 04:00:00+01:00,2025-07-31 05:00:00+01:00
0.00204,0.01,2025-07-31 05:00:00+01:00,2025-07-31 06:00:00+01:00
0.10106,0.71,2025-07-31 06:00:00+01:00,2025-07-31 07:00:00+01:00
0.12659,0.89,2025-07-31 07:00:00+01:00,2025-07-31 08:00:00+01:00
0.14227,1.0,2025-07-31 08:00:00+01:00,2025-07-31 09:00:00+01:00
0.18659,1.31,2025-07-31 09:00:00+01:00,2025-07-31 10:00:00+01:00
0.03039,0.21,2025-07-31 10:00:00+01:00,2025-07-31 11:00:00+01:00
0.03005,0.21,2025-07-31 11:00:00+01:00,2025-07-31 12:00:00+01:00
0.01201,0.08,2025-07-31 12:00:00+01:00,2025-07-31 13:00:00+01:00
0.0114,0.08,2025-07-31 13:00:00+01:00,2025-07-31 14:00:00+01:00
0.03205,0.22,2025-07-31 14:00:00+01:00,2025-07-31 15:00:00+01:00
0.02753,0.19,2025-07-31 15:00:00+01:00,2025-07-31 16:00:00+01:00
0.04357,0.3,2025-07-31 16:00:00+01:00,2025-07-31 17:00:00+01:00
0.1482,1.04,2025-07-31 17:00:00+01:00,2025-07-31 18:00:00+01:00
0.10749,0.75,2025-07-31 18:00:00+01:00,2025-07-31 19:00:00+01:00
0.23471,1.64,2025-07-31 19:00:00+01:00,2025-07-31 20:00:00+01:00
0.17124,1.2,2025-07-31 20:00:00+01:00,2025-07-31 21:00:00+01:00
0.02397,0.17,2025-07-31 21:00:00+01:00,2025-07-31 22:00:00+01:00
0.07797,0.55,2025-07-31 22:00:00+01:00,2025-07-31 23:00:00+01:00
0.02893,0.2,2025-07-31 23:00:00+01:00,2025-08-01 00:00:00+01:00
0.00608,0.04,2025-08-01 00:00:00+01:00,2025-08-01 01:00:00+01:00
0.00281,0.02,2025-08-01 01:00:00+01:00,2025-08-01 02:00:00+01:00
0.00173,0.01,2025-08-01 02:00:00+01:00,2025-08-01 03:00:00+01:00
0.0038,0.03,2025-08-01 03:00:00+01:00,2025-08-01 04:00:00+01:00
0.00801,0.06,2025-08-01 04:00:00+01:00,2025-08-01 05:00:00+01:00
0.00392,0.03,2025-08-01 05:00:00+01:00,2025-08-01 06:00:00+01:00
0.16262,1.14,2025-08-01 06:00:00+01:00,2025-08-01 07:00:00+01:00
0.06882,0.48,2025-08-01 07:00:00+01:00,2025-08-01 08:00:00+01:00
0.16592,1.16,2025-08-01 08:00:00+01:00,2025-08-01 09:00:00+01:00
0.08554,0.6,2025-08-01 09:00:00+01:00,2025-08-01 10:00:00+01:00
0.0371,0.26,2025-08-01 10:00:00+01:00,2025-08-01 11:00:00+01:00
0.03263,0.23,2025-08-01 11:00:00+01:00,2025-08-01 12:00:00+01:00
0.04717,0.33,2025-08-01 12:00:00+01:00,2025-08-01 13:00:00+01:00
0.02549,0.18,2025-08-01 13:00:00+01:00,2025-08-01 14:00:00+01:00
0.01265,0.09,2025-08-01 14:00:00+01:00,2025-08-01 15:00:00+01:00
0.01077,0.08,2025-08-01 15:00:00+01:00,2025-08-01 16:00:00+01:00
0.04307,0.3,2025-08-01 16:00:00+01:00,2025-08-01 17:00:00+01:00
0.25742,1.8,2025-08-01 17:00:00+01:00,2025-08-01 18:00:00+01:00
0.33257,2.33,2025-08-01 18:00:00+01:00,2025-08-01 19:00:00+01:00
0.17033,1.19,2025-08-01 19:00:00+01:00,2025-08-01 20:00:00+01:00
0.20353,1.42,2025-08-01 20:00:00+01:00,2025-08-01 21:00:00+01:00
0.02241,0.16,2025-08-01 21:00:00+01:00,2025-08-01 22:00:00+01:00
0.09692,0.68,2025-08-01 22:00:00+01:00,2025-08-01 23:00:00+01:00
0.07343,0.51,2025-08-01 23:00:00+01:00,2025-08-02 00:00:00+01:00
0.00933,0.07,2025-08-02 00:00:00+01:00,2025-08-02 01:00:00+01:00
0.00265,0.02,2025-08-02 01:00:00+01:00,2025-08-02 02:00:00+01:00
0.00611,0.04,2025-08-02 02:00:00+01:00,2025-08-02 03:00:00+01:00
0.00678,0.05,2025-08-02 03:00:00+01:00,2025-08-02 04:00:00+01:00
0.00318,0.02,2025-08-02 04:00:00+01:00,2025-08-02 05:00:00+01:00
0.00848,0.06,2025-08-02 05:00:00+01:00,2025-08-02 06:00:00+01:00
0.19207,1.34,2025-08-02 06:00:00+01:00,2025-08-02 07:00:00+01:00
0.18273,1.28,2025-08-02 07:00:00+01:00,2025-08-02 08:00:00+01:00
0.16086,1.13,2025-08-02 08:00:00+01:00,2025-08-02 09:00:00+01:00
0.09162,0.64,2025-08-02 09:00:00+01:00,2025-08-02 10:00:00+01:00
0.02126,0.15,2025-08-02 10:00:00+01:00,2025-08-02 11:00:00+01:00
0.04853,0.34,2025-08-02 11:00:00+01:00,2025-08-02 12:00:00+01:00
0.01041,0.07,2025-08-02 12:00:00+01:00,2025-08-02 13:00:00+01:00
0.03864,0.27,2025-08-02 13:00:00+01:00,2025-08-02 14:00:00+01:00
0.03825,0.27,2025-08-02 14:00:00+01:00,2025-08-02 15:00:00+01:00
0.03491,0.24,2025-08-02 15:00:00+01:00,2025-08-02 16:00:00+01:00
0.0496,0.35,2025-08-02 16:00:00+01:00,2025-08-02 17:00:00+01:00
0.19356,1.35,2025-08-02 17:00:00+01:00,2025-08-02 18:00:00+01:00
0.20199,1.41,2025-08-02 18:00:00+01:00,2025-08-02 19:00:00+01:00
0.12368,0.87,2025-08-02 19:00:00+01:00,2025-08-02 20:00:00+01:00
0.23284,1.63,2025-08-02 20:00:00+01:00,2025-08-02 21:00:00+01:00
0.04088,0.29,2025-08-02 21:00:00+01:00,2025-08-02 22:00:00+01:00
0.04747,0.33,2025-08-02 22:00:00+01:00,2025-08-02 23:00:00+01:00
0.08677,0.61,2025-08-02 23:00:00+01:00,2025-08-03 00:00:00+01:00
0.00935,0.07,2025-08-03 00:00:00+01:00,2025-08-03 01:00:00+01:00
0.00186,0.01,2025-08-03 01:00:00+01:00,2025-08-03 02:00:00+01:00
0.00373,0.03,2025-08-03 02:00:00+01:00,2025-08-03 03:00:00+01:00
0.00929,0.07,2025-08-03 03:00:00+01:00,2025-08-03 04:00:00+01:00
0.00062,0.0,2025-08-03 04:00:00+01:00,2025-08-03 05:00:00+01:00
0.00092,0.01,2025-08-03 05:00:00+01:00,2025-08-03 06:00:00+01:00
0.07442,0.52,2025-08-03 06:00:00+01:00,2025-08-03 07:00:00+01:00
0.13928,0.97,2025-08-03 07:00:00+01:00,2025-08-03 08:00:00+01:00
0.07257,0.51,2025-08-03 08:00:00+01:00,2025-08-03 09:00:00+01:00
0.19521,1.37,2025-08-03 09:00:00+01:00,2025-08-03 10:00:00+01:00
0.02787,0.2,2025-08-03 10:00:00+01:00,2025-08-03 11:00:00+01:00
0.03006,0.21,2025-08-03 11:00:00+01:00,2025-08-03 12:00:00+01:00
0.01987,0.14,2025-08-03 12:00:00+01:00,2025-08-03 13:00:00+01:00
0.02884,0.2,2025-08-03 13:00:00+01:00,2025-08-03 14:00:00+01:00
0.03648,0.26,2025-08-03 14:00:00+01:00,2025-08-03 15:00:00+01:00
0.04005,0.28,2025-08-03 15:00:00+01:00,2025-08-03 16:00:00+01:00
0.04015,0.28,2025-08-03 16:00:00+01:00,2025-08-03 17:00:00+01:00
0.27337,1.91,2025-08-03 17:00:00+01:00,2025-08-03 18:00:00+01:00
0.37131,2.6,2025-08-03 18:00:00+01:00,2025-08-03 19:00:00+01:00
0.34522,2.42,2025-08-03 19:00:00+01:00,2025-08-03 20:00:00+01:00
0.32711,2.29,2025-08-03 20:00:00+01:00,2025-08-03 21:00:00+01:00
0.02445,0.17,2025-08-03 21:00:00+01:00,2025-08-03 22:00:00+01:00
0.02055,0.14,2025-08-03 22:00:00+01:00,2025-08-03 23:00:00+01:00
0.037,0.26,2025-08-03 23:00:00+01:00,2025-08-04 00:00:00+01:00
0.00664,0.05,2025-08-04 00:00:00+01:00,2025-08-04 01:00:00+01:00
0.00411,0.03,2025-08-04 01:00:00+01:00,2025-08-04 02:00:00+01:00
0.00402,0.03,2025-08-04 02:00:00+01:00,2025-08-04 03:00:00+01:00
0.00885,0.06,2025-08-04 03:00:00+01:00,2025-08-04 04:00:00+01:00
0.00896,0.06,2025-08-04 04:00:00+01:00,2025-08-04 05:00:00+01:00
0.00909,0.06,2025-08-04 05:00:00+01:00,2025-08-04 06:00:00+01:00
0.09708,0.68,2025-08-04 06:00:00+01:00,2025-08-04 07:00:00+01:00
0.15366,1.08,2025-08-04 07:00:00+01:00,2025-08-04 08:00:00+01:00
0.09074,0.64,2025-08-04 08:00:00+01:00,2025-08-04 09:00:00+01:00
0.07859,0.55,2025-08-04 09:00:00+01:00,2025-08-04 10:00:00+01:00
0.01739,0.12,2025-08-04 10:00:00+01:00,2025-08-04 11:00:00+01:00
0.02368,0.17,2025-08-04 11:00:00+01:00,2025-08-04 12:00:00+01:00
0.0272,0.19,2025-08-04 12:00:00+01:00,2025-08-04 13:00:00+01:00
0.04324,0.3,2025-08-04 13:00:00+01:00,2025-08-04 14:00:00+01:00
0.0148,0.1,2025-08-04 14:00:00+01:00,2025-08-04 15:00:00+01:00
0.0394,0.28,2025-08-04 15:00:00+01:00,2025-08-04 16:00:00+01:00
0.03126,0.22,2025-08-04 16:00:00+01:00,2025-08-04 17:00:00+01:00
0.18638,1.3,2025-08-04 17:00:00+01:00,2025-08-04 18:00:00+01:00
0.24785,1.73,2025-08-04 18:00:00+01:00,2025-08-04 19:00:00+01:00
0.18998,1.33,2025-08-04 19:00:00+01:00,2025-08-04 20:00:00+01:00
0.27882,1.95,2025-08-04 20:00:00+01:00,2025-08-04 21:00:00+01:00
0.05471,0.38,2025-08-04 21:00:00+01:00,2025-08-04 22:00:00+01:00
0.03315,0.23,2025-08-04 22:00:00+01:00,2025-08-04 23:00:00+01:00
0.02933,0.21,2025-08-04 23:00:00+01:00,2025-08-05 00:00:00+01:00
0.00547,0.04,2025-08-05 00:00:00+01:00,2025-08-05 01:00:00+01:00
0.00902,0.06,2025-08-05 01:00:00+01:00,2025-08-05 02:00:00+01:00
0.00344,0.02,2025-08-05 02:00:00+01:00,2025-08-05 03:00:00+01:00
0.00733,0.05,2025-08-05 03:00:00+01:00,2025-08-05 04:00:00+01:00
0.00659,0.05,2025-08-05 04:00:00+01:00,2025-08-05 05:00:00+01:00
0.00932,0.07,2025-08-05 05:00:00+01:00,2025-08-05 06:00:00+01:00
0.17315,1.21,2025-08-05 06:00:00+01:00,2025-08-05 07:00:00+01:00
0.13499,0.94,2025-08-05 07:00:00+01:00,2025-08-05 08:00:00+01:00
0.14855,1.04,2025-08-05 08:00:00+01:00,2025-08-05 09:00:00+01:00
0.18476,1.29,2025-08-05 09:00:00+01:00,2025-08-05 10:00:00+01:00
0.02598,0.18,2025-08-05 10:00:00+01:00,2025-08-05 11:00:00+01:00
0.02307,0.16,2025-08-05 11:00:00+01:00,2025-08-05 12:00:00+01:00
0.01043,0.07,2025-08-05 12:00:00+01:00,2025-08-05 13:00:00+01:00
0.04306,0.3,2025-08-05 13:00:00+01:00,2025-08-05 14:00:00+01:00
0.04204,0.29,2025-08-05 14:00:00+01:00,2025-08-05 15:00:00+01:00
0.01418,0.1,2025-08-05 15:00:00+01:00,2025-08-05 16:00:00+01:00
0.03307,0.23,2025-08-05 16:00:00+01:00,2025-08-05 17:00:00+01:00
0.23919,1.67,2025-08-05 17:00:00+01:00,2025-08-05 18:00:00+01:00
0.13561,0.95,2025-08-05 18:00:00+01:00,2025-08-05 19:00:00+01:00
0.39417,2.76,2025-08-05 19:00:00+01:00,2025-08-05 20:00:00+01:00
0.16441,1.15,2025-08-05 20:00:00+01:00,2025-08-05 21:00:00+01:00
0.02538,0.18,2025-08-05 21:00:00+01:00,2025-08-05 22:00:00+01:00
0.06759,0.47,2025-08-05 22:00:00+01:00,2025-08-05 23:00:00+01:00
0.07911,0.55,2025-08-05 23:00:00+01:00,2025-08-06 00:00:00+01:00
0.00032,0.0,2025-08-06 00:00:00+01:00,2025-08-06 01:00:00+01:00
0.00659,0.05,2025-08-06 01:00:00+01:00,2025-08-06 02:00:00+01:00
0.00532,0.04,2025-08-06 02:00:00+01:00,2025-08-06 03:00:00+01:00
0.00103,0.01,2025-08-06 03:00:00+01:00,2025-08-06 04:00:00+01:00
0.00173,0.01,2025-08-06 04:00:00+01:00,2025-08-06 05:00:00+01:00
0.00568,0.04,2025-08-06 05:00:00+01:00,2025-08-06 06:00:00+01:00
0.09445,0.66,2025-08-06 06:00:00+01:00,2025-08-06 07:00:00+01:00
0.19075,1.34,2025-08-06 07:00:00+01:00,2025-08-06 08:00:00+01:00
0.17281,1.21,2025-08-06 08:00:00+01:00,2025-08-06 09:00:00+01:00
0.19754,1.38,2025-08-06 09:00:00+01:00,2025-08-06 10:00:00+01:00
0.02039,0.14,2025-08-06 10:00:00+01:00,2025-08-06 11:00:00+01:00
0.04879,0.34,2025-08-06 11:00:00+01:00,2025-08-06 12:00:00+01:00
0.02725,0.19,2025-08-06 12:00:00+01:00,2025-08-06 13:00:00+01:00
0.0239,0.17,2025-08-06 13:00:00+01:00,2025-08-06 14:00:00+01:00
0.01201,0.08,2025-08-06 14:00:00+01:00,2025-08-06 15:00:00+01:00
0.01211,0.08,2025-08-06 15:00:00+01:00,2025-08-06 16:00:00+01:00
0.03768,0.26,2025-08-06 16:00:00+01:00,2025-08-06 17:00:00+01:00
0.23738,1.66,2025-08-06 17:00:00+01:00,2025-08-06 18:00:00+01:00
0.16796,1.18,2025-08-06 18:00:00+01:00,2025-08-06 19:00:00+01:00
0.28419,1.99,2025-08-06 19:00:00+01:00,2025-08-06 20:00:00+01:00
0.17586,1.23,2025-08-06 20:00:00+01:00,2025-08-06 21:00:00+01:00
0.06621,0.46,2025-08-06 21:00:00+01:00,2025-08-06 22:00:00+01:00
0.04874,0.34,2025-08-06 22:00:00+01:00,2025-08-06 23:00:00+01:00
0.08588,0.6,2025-08-06 23:00:00+01:00,2025-08-07 00:00:00+01:00
0.00821,0.06,2025-08-07 00:00:00+01:00,2025-08-07 01:00:00+01:00
0.00477,0.03,2025-08-07 01:00:00+01:00,2025-08-07 02:00:00+01:00
0.00351,0.02,2025-08-07 02:00:00+01:00,2025-08-07 03:00:00+01:00
0.00363,0.03,2025-08-07 03:00:00+01:00,2025-08-07 04:00:00+01:00
0.00806,0.06,2025-08-07 04:00:00+01:00,2025-08-07 05:00:00+01:00
0.00328,0.02,2025-08-07 05:00:00+01:00,2025-08-07 06:00:00+01:00
0.08136,0.57,2025-08-07 06:00:00+01:00,2025-08-07 07:00:00+01:00
0.0627,0.44,2025-08-07 07:00:00+01:00,2025-08-07 08:00:00+01:00
0.12,0.84,2025-08-07 08:00:00+01:00,2025-08-07 09:00:00+01:00
0.12232,0.86,2025-08-07 09:00:00+01:00,2025-08-07 10:00:00+01:00
0.04364,0.31,2025-08-07 10:00:00+01:00,2025-08-07 11:00:00+01:00
0.01885,0.13,2025-08-07 11:00:00+01:00,2025-08-07 12:00:00+01:00
0.02524,0.18,2025-08-07 12:00:00+01:00,2025-08-07 13:00:00+01:00
0.04234,0.3,2025-08-07 13:00:00+01:00,2025-08-07 14:00:00+01:00
0.04294,0.3,2025-08-07 14:00:00+01:00,2025-08-07 15:00:00+01:00
0.02538,0.18,2025-08-07 15:00:00+01:00,2025-08-07 16:00:00+01:00
0.02836,0.2,2025-08-07 16:00:00+01:00,2025-08-07 17:00:00+01:00
0.19099,1.34,2025-08-07 17:00:00+01:00,2025-08-07 18:00:00+01:00
0.37977,2.66,2025-08-07 18:00:00+01:00,2025-08-07 19:00:00+01:00
0.13559,0.95,2025-08-07 19:00:00+01:00,2025-08-07 20:00:00+01:00
0.38012,2.66,2025-08-07 20:00:00+01:00,2025-08-07 21:00:00+01:00
0.07471,0.52,2025-08-07 21:00:00+01:00,2025-08-07 22:00:00+01:00
0.06253,0.44,2025-08-07 22:00:00+01:00,2025-08-07 23:00:00+01:00
0.02261,0.16,2025-08-07 23:00:00+01:00,2025-08-08 00:00:00+01:00
0.00476,0.03,2025-08-08 00:00:00+01:00,2025-08-08 01:00:00+01:00
0.00408,0.03,2025-08-08 01:00:00+01:00,2025-08-08 02:00:00+01:00
0.00161,0.01,2025-08-08 02:00:00+01:00,2025-08-08 03:00:00+01:00
0.00656,0.05,2025-08-08 03:00:00+01:00,2025-08-08 04:00:00+01:00
0.00971,0.07,2025-08-08 04:00:00+01:00,2025-08-08 05:00:00+01:00
0.00562,0.04,2025-08-08 05:00:00+01:00,2025-08-08 06:00:00+01:00
0.15721,1.1,2025-08-08 06:00:00+01:00,2025-08-08 07:00:00+01:00
0.06027,0.42,2025-08-08 07:00:00+01:00,2025-08-08 08:00:00+01:00
0.11265,0.79,2025-08-08 08:00:00+01:00,2025-08-08 09:00:00+01:00
0.06745,0.47,2025-08-08 09:00:00+01:00,2025-08-08 10:00:00+01:00
0.03451,0.24,2025-08-08 10:00:00+01:00,2025-08-08 11:00:00+01:00
0.04754,0.33,2025-08-08 11:00:00+01:00,2025-08-08 12:00:00+01:00
0.03647,0.26,2025-08-08 12:00:00+01:00,2025-08-08 13:00:00+01:00
0.01307,0.09,2025-08-08 13:00:00+01:00,2025-08-08 14:00:00+01:00
0.02419,0.17,2025-08-08 14:00:00+01:00,2025-08-08 15:00:00+01:00
0.03203,0.22,2025-08-08 15:00:00+01:00,2025-08-08 16:00:00+01:00
0.02613,0.18,2025-08-08 16:00:00+01:00,2025-08-08 17:00:00+01:00
0.35009,2.45,2025-08-08 17:00:00+01:00,2025-08-08 18:00:00+01:00
0.3444,2.41,2025-08-08 18:00:00+01:00,2025-08-08 19:00:00+01:00
0.28355,1.98,2025-08-08 19:00:00+01:00,2025-08-08 20:00:00+01:00
0.21204,1.48,2025-08-08 20:00:00+01:00,2025-08-08 21:00:00+01:00
0.04043,0.28,2025-08-08 21:00:00+01:00,2025-08-08 22:00:00+01:00
0.02847,0.2,2025-08-08 22:00:00+01:00,2025-08-08 23:00:00+01:00
0.04839,0.34,2025-08-08 23:00:00+01:00,2025-08-09 00:00:00+01:00
0.00413,0.03,2025-08-09 00:00:00+01:00,2025-08-09 01:00:00+01:00
0.00676,0.05,2025-08-09 01:00:00+01:00,2025-08-09 02:00:00+01:00
0.00658,0.05,2025-08-09 02:00:00+01:00,2025-08-09 03:00:00+01:00
0.0007,0.0,2025-08-09 03:00:00+01:00,2025-08-09 04:00:00+01:00
0.00395,0.03,2025-08-09 04:00:00+01:00,2025-08-09 05:00:00+01:00
0.00182,0.01,2025-08-09 05:00:00+01:00,2025-08-09 06:00:00+01:00
0.07352,0.51,2025-08-09 06:00:00+01:00,2025-08-09 07:00:00+01:00
0.1741,1.22,2025-08-09 07:00:00+01:00,2025-08-09 08:00:00+01:00
0.05629,0.39,2025-08-09 08:00:00+01:00,2025-08-09 09:00:00+01:00
0.11288,0.79,2025-08-09 09:00:00+01:00,2025-08-09 10:00:00+01:00
0.01673,0.12,2025-08-09 10:00:00+01:00,2025-08-09 11:00:00+01:00
0.04517,0.32,2025-08-09 11:00:00+01:00,2025-08-09 12:00:00+01:00
0.03228,0.23,2025-08-09 12:00:00+01:00,2025-08-09 13:00:00+01:00
0.01926,0.13,2025-08-09 13:00:00+01:00,2025-08-09 14:00:00+01:00
0.0301,0.21,2025-08-09 14:00:00+01:00,2025-08-09 15:00:00+01:00
0.03926,0.27,2025-08-09 15:00:00+01:00,2025-08-09 16:00:00+01:00
0.04832,0.34,2025-08-09 16:00:00+01:00,2025-08-09 17:00:00+01:00
0.16613,1.16,2025-08-09 17:00:00+01:00,2025-08-09 18:00:00+01:00
0.36585,2.56,2025-08-09 18:00:00+01:00,2025-08-09 19:00:00+01:00
0.38029,2.66,2025-08-09 19:00:00+01:00,2025-08-09 20:00:00+01:00
0.37493,2.62,2025-08-09 20:00:00+01:00,2025-08-09 21:00:00+01:00
0.07083,0.5,2025-08-09 21:00:00+01:00,2025-08-09 22:00:00+01:00
0.07039,0.49,2025-08-09 22:00:00+01:00,2025-08-09 23:00:00+01:00
0.05226,0.37,2025-08-09 23:00:00+01:00,2025-08-10 00:00:00+01:00
0.00752,0.05,2025-08-10 00:00:00+01:00,2025-08-10 01:00:00+01:00
0.00531,0.04,2025-08-10 01:00:00+01:00,2025-08-10 02:00:00+01:00
0.00677,0.05,2025-08-10 02:00:00+01:00,2025-08-10 03:00:00+01:00
0.00428,0.03,2025-08-10 03:00:00+01:00,2025-08-10 04:00:00+01:00
0.00731,0.05,2025-08-10 04:00:00+01:00,2025-08-10 05:00:00+01:00
0.00824,0.06,2025-08-10 05:00:00+01:00,2025-08-10 06:00:00+01:00
0.07197,0.5,2025-08-10 06:00:00+01:00,2025-08-10 07:00:00+01:00
0.17494,1.22,2025-08-10 07:00:00+01:00,2025-08-10 08:00:00+01:00
0.13104,0.92,2025-08-10 08:00:00+01:00,2025-08-10 09:00:00+01:00
0.1767,1.24,2025-08-10 09:00:00+01:00,2025-08-10 10:00:00+01:00
0.02725,0.19,2025-08-10 10:00:00+01:00,2025-08-10 11:00:00+01:00
0.02516,0.18,2025-08-10 11:00:00+01:00,2025-08-10 12:00:00+01:00
0.0466,0.33,2025-08-10 12:00:00+01:00,2025-08-10 13:00:00+01:00
0.02005,0.14,2025-08-10 13:00:00+01:00,2025-08-10 14:00:00+01:00
0.04377,0.31,2025-08-10 14:00:00+01:00,2025-08-10 15:00:00+01:00
0.02936,0.21,2025-08-10 15:00:00+01:00,2025-08-10 16:00:00+01:00
0.03056,0.21,2025-08-10 16:00:00+01:00,2025-08-10 17:00:00+01:00
0.19254,1.35,2025-08-10 17:00:00+01:00,2025-08-10 18:00:00+01:00
0.27191,1.9,2025-08-10 18:00:00+01:00,2025-08-10 19:00:00+01:00
0.19756,1.38,2025-08-10 19:00:00+01:00,2025-08-10 20:00:00+01:00
0.11178,0.78,2025-08-10 20:00:00+01:00,2025-08-10 21:00:00+01:00
0.04176,0.29,2025-08-10 21:00:00+01:00,2025-08-10 22:00:00+01:00
0.02051,0.14,2025-08-10 22:00:00+01:00,2025-08-10 23:00:00+01:00
0.09827,0.69,2025-08-10 23:00:00+01:00,2025-08-11 00:00:00+01:00
0.00966,0.07,2025-08-11 00:00:00+01:00,2025-08-11 01:00:00+01:00
0.00395,0.03,2025-08-11 01:00:00+01:00,2025-08-11 02:00:00+01:00
0.00728,0.05,2025-08-11 02:00:00+01:00,2025-08-11 03:00:00+01:00
0.00346,0.02,2025-08-11 03:00:00+01:00,2025-08-11 04:00:00+01:00
0.00671,0.05,2025-08-11 04:00:00+01:00,2025-08-11 05:00:00+01:00
0.00805,0.06,2025-08-11 05:00:00+01:00,2025-08-11 06:00:00+01:00
0.19201,1.34,2025-08-11 06:00:00+01:00,2025-08-11 07:00:00+01:00
0.11003,0.77,2025-08-11 07:00:00+01:00,2025-08-11 08:00:00+01:00
0.16749,1.17,2025-08-11 08:00:00+01:00,2025-08-11 09:00:00+01:00
0.08989,0.63,2025-08-11 09:00:00+01:00,2025-08-11 10:00:00+01:00
0.04961,0.35,2025-08-11 10:00:00+01:00,2025-08-11 11:00:00+01:00
0.01103,0.08,2025-08-11 11:00:00+01:00,2025-08-11 12:00:00+01:00
0.03414,0.24,2025-08-11 12:00:00+01:00,2025-08-11 13:00:00+01:00
0.03638,0.25,2025-08-11 13:00:00+01:00,2025-08-11 14:00:00+01:00
0.03752,0.26,2025-08-11 14:00:00+01:00,2025-08-11 15:00:00+01:00
0.01482,0.1,2025-08-11 15:00:00+01:00,2025-08-11 16:00:00+01:00
0.04754,0.33,2025-08-11 16:00:00+01:00,2025-08-11 17:00:00+01:00
0.15435,1.08,2025-08-11 17:00:00+01:00,2025-08-11 18:00:00+01:00
0.28683,2.01,2025-08-11 18:00:00+01:00,2025-08-11 19:00:00+01:00
0.1668,1.17,2025-08-11 19:00:00+01:00,2025-08-11 20:00:00+01:00
0.19216,1.35,2025-08-11 20:00:00+01:00,2025-08-11 21:00:00+01:00
0.06372,0.45,2025-08-11 21:00:00+01:00,2025-08-11 22:00:00+01:00
0.05338,0.37,2025-08-11 22:00:00+01:00,2025-08-11 23:00:00+01:00
0.03282,0.23,2025-08-11 23:00:00+01:00,2025-08-12 00:00:00+01:00
0.00171,0.01,2025-08-12 00:00:00+01:00,2025-08-12 01:00:00+01:00
0.00418,0.03,2025-08-12 01:00:00+01:00,2025-08-12 02:00:00+01:00
0.00757,0.05,2025-08-12 02:00:00+01:00,2025-08-12 03:00:00+01:00
0.00898,0.06,2025-08-12 03:00:00+01:00,2025-08-12 04:00:00+01:00
0.00084,0.01,2025-08-12 04:00:00+01:00,2025-08-12 05:00:00+01:00
0.00393,0.03,2025-08-12 05:00:00+01:00,2025-08-12 06:00:00+01:00
0.06504,0.46,2025-08-12 06:00:00+01:00,2025-08-12 07:00:00+01:00
0.05249,0.37,2025-08-12 07:00:00+01:00,2025-08-12 08:00:00+01:00
0.14926,1.04,2025-08-12 08:00:00+01:00,2025-08-12 09:00:00+01:00
0.14037,0.98,2025-08-12 09:00:00+01:00,2025-08-12 10:00:00+01:00
0.01652,0.12,2025-08-12 10:00:00+01:00,2025-08-12 11:00:00+01:00
0.01935,0.14,2025-08-12 11:00:00+01:00,2025-08-12 12:00:00+01:00
0.01095,0.08,2025-08-12 12:00:00+01:00,2025-08-12 13:00:00+01:00
0.0434,0.3,2025-08-12 13:00:00+01:00,2025-08-12 14:00:00+01:00
0.04899,0.34,2025-08-12 14:00:00+01:00,2025-08-12 15:00:00+01:00
0.01542,0.11,2025-08-12 15:00:00+01:00,2025-08-12 16:00:00+01:00
0.01926,0.13,2025-08-12 16:00:00+01:00,2025-08-12 17:00:00+01:00
0.36052,2.52,2025-08-12 17:00:00+01:00,2025-08-12 18:00:00+01:00
0.37794,2.65,2025-08-12 18:00:00+01:00,2025-08-12 19:00:00+01:00
0.22589,1.58,2025-08-12 19:00:00+01:00,2025-08-12 20:00:00+01:00
0.11519,0.81,2025-08-12 20:00:00+01:00,2025-08-12 21:00:00+01:00
0.02315,0.16,2025-08-12 21:00:00+01:00,2025-08-12 22:00:00+01:00
0.06592,0.46,2025-08-12 22:00:00+01:00,2025-08-12 23:00:00+01:00
0.05143,0.36,2025-08-12 23:00:00+01:00,2025-08-13 00:00:00+01:00
0.00029,0.0,2025-08-13 00:00:00+01:00,2025-08-13 01:00:00+01:00
0.00583,0.04,2025-08-13 01:00:00+01:00,2025-08-13 02:00:00+01:00
0.00011,0.0,2025-08-13 02:00:00+01:00,2025-08-13 03:00:00+01:00
0.00787,0.06,2025-08-13 03:00:00+01:00,2025-08-13 04:00:00+01:00
0.00306,0.02,2025-08-13 04:00:00+01:00,2025-08-13 05:00:00+01:00
0.0004,0.0,2025-08-13 05:00:00+01:00,2025-08-13 06:00:00+01:00
0.13825,0.97,2025-08-13 06:00:00+01:00,2025-08-13 07:00:00+01:00
0.10965,0.77,2025-08-13 07:00:00+01:00,2025-08-13 08:00:00+01:00
0.19607,1.37,2025-08-13 08:00:00+01:00,2025-08-13 09:00:00+01:00
0.13163,0.92,2025-08-13 09:00:00+01:00,2025-08-13 10:00:00+01:00
0.02101,0.15,2025-08-13 10:00:00+01:00,2025-08-13 11:00:00+01:00
0.03838,0.27,2025-08-13 11:00:00+01:00,2025-08-13 12:00:00+01:00
0.02086,0.15,2025-08-13 12:00:00+01:00,2025-08-13 13:00:00+01:00
0.04617,0.32,2025-08-13 13:00:00+01:00,2025-08-13 14:00:00+01:00
0.02499,0.17,2025-08-13 14:00:00+01:00,2025-08-13 15:00:00+01:00
0.03199,0.22,2025-08-13 15:00:00+01:00,2025-08-13 16:00:00+01:00
0.01202,0.08,2025-08-13 16:00:00+01:00,2025-08-13 17:00:00+01:00
0.22784,1.59,2025-08-13 17:00:00+01:00,2025-08-13 18:00:00+01:00
0.34971,2.45,2025-08-13 18:00:00+01:00,2025-08-13 19:00:00+01:00
0.34169,2.39,2025-08-13 19:00:00+01:00,2025-08-13 20:00:00+01:00
0.1673,1.17,2025-08-13 20:00:00+01:00,2025-08-13 21:00:00+01:00
0.03809,0.27,2025-08-13 21:00:00+01:00,2025-08-13 22:00:00+01:00
0.08538,0.6,2025-08-13 22:00:00+01:00,2025-08-13 23:00:00+01:00
0.09443,0.66,2025-08-13 23:00:00+01:00,2025-08-14 00:00:00+01:00
0.00095,0.01,2025-08-14 00:00:00+01:00,2025-08-14 01:00:00+01:00
0.0045,0.03,2025-08-14 01:00:00+01:00,2025-08-14 02:00:00+01:00
0.00337,0.02,2025-08-14 02:00:00+01:00,2025-08-14 03:00:00+01:00
0.00871,0.06,2025-08-14 03:00:00+01:00,2025-08-14 04:00:00+01:00
0.00084,0.01,2025-08-14 04:00:00+01:00,2025-08-14 05:00:00+01:00
0.00211,0.01,2025-08-14 05:00:00+01:00,2025-08-14 06:00:00+01:00
0.16287,1.14,2025-08-14 06:00:00+01:00,2025-08-14 07:00:00+01:00
0.05769,0.4,2025-08-14 07:00:00+01:00,2025-08-14 08:00:00+01:00
0.12388,0.87,2025-08-14 08:00:00+01:00,2025-08-14 09:00:00+01:00
0.11632,0.81,2025-08-14 09:00:00+01:00,2025-08-14 10:00:00+01:00
0.02338,0.16,2025-08-14 10:00:00+01:00,2025-08-14 11:00:00+01:00
0.02578,0.18,2025-08-14 11:00:00+01:00,2025-08-14 12:00:00+01:00
0.0312,0.22,2025-08-14 12:00:00+01:00,2025-08-14 13:00:00+01:00
0.01645,0.12,2025-08-14 13:00:00+01:00,2025-08-14 14:00:00+01:00
0.03288,0.23,2025-08-14 14:00:00+01:00,2025-08-14 15:00:00+01:00
0.04222,0.3,2025-08-14 15:00:00+01:00,2025-08-14 16:00:00+01:00
0.04041,0.28,2025-08-14 16:00:00+01:00,2025-08-14 17:00:00+01:00
0.14617,1.02,2025-08-14 17:00:00+01:00,2025-08-14 18:00:00+01:00
0.14477,1.01,2025-08-14 18:00:00+01:00,2025-08-14 19:00:00+01:00
0.18045,1.26,2025-08-14 19:00:00+01:00,2025-08-14 20:00:00+01:00
0.20832,1.46,2025-08-14 20:00:00+01:00,2025-08-14 21:00:00+01:00
0.05268,0.37,2025-08-14 21:00:00+01:00,2025-08-14 22:00:00+01:00
0.07438,0.52,2025-08-14 22:00:00+01:00,2025-08-14 23:00:00+01:00
0.02453,0.17,2025-08-14 23:00:00+01:00,2025-08-15 00:00:00+01:00
0.00035,0.0,2025-08-15 00:00:00+01:00,2025-08-15 01:00:00+01:00
0.00392,0.03,2025-08-15 01:00:00+01:00,2025-08-15 02:00:00+01:00
0.00697,0.05,2025-08-15 02:00:00+01:00,2025-08-15 03:00:00+01:00
0.00193,0.01,2025-08-15 03:00:00+01:00,2025-08-15 04:00:00+01:00
0.00642,0.04,2025-08-15 04:00:00+01:00,2025-08-15 05:00:00+01:00
0.0026,0.02,2025-08-15 05:00:00+01:00,2025-08-15 06:00:00+01:00
0.18291,1.28,2025-08-15 06:00:00+01:00,2025-08-15 07:00:00+01:00
0.18435,1.29,2025-08-15 07:00:00+01:00,2025-08-15 08:00:00+01:00
0.09459,0.66,2025-08-15 08:00:00+01:00,2025-08-15 09:00:00+01:00
0.0845,0.59,2025-08-15 09:00:00+01:00,2025-08-15 10:00:00+01:00
0.02645,0.19,2025-08-15 10:00:00+01:00,2025-08-15 11:00:00+01:00
0.01962,0.14,2025-08-15 11:00:00+01:00,2025-08-15 12:00:00+01:00
0.0369,0.26,2025-08-15 12:00:00+01:00,2025-08-15 13:00:00+01:00
0.04304,0.3,2025-08-15 13:00:00+01:00,2025-08-15 14:00:00+01:00
0.03692,0.26,2025-08-15 14:00:00+01:00,2025-08-15 15:00:00+01:00
0.04297,0.3,2025-08-15 15:00:00+01:00,2025-08-15 16:00:00+01:00
0.02588,0.18,2025-08-15 16:00:00+01:00,2025-08-15 17:00:00+01:00
0.1469,1.03,2025-08-15 17:00:00+01:00,2025-08-15 18:00:00+01:00
0.32139,2.25,2025-08-15 18:00:00+01:00,2025-08-15 19:00:00+01:00
0.20814,1.46,2025-08-15 19:00:00+01:00,2025-08-15 20:00:00+01:00
0.30138,2.11,2025-08-15 20:00:00+01:00,2025-08-15 21:00:00+01:00
0.04165,0.29,2025-08-15 21:00:00+01:00,2025-08-15 22:00:00+01:00
0.0265,0.19,2025-08-15 22:00:00+01:00,2025-08-15 23:00:00+01:00
0.09941,0.7,2025-08-15 23:00:00+01:00,2025-08-16 00:00:00+01:00
0.00156,0.01,2025-08-16 00:00:00+01:00,2025-08-16 01:00:00+01:00
0.00988,0.07,2025-08-16 01:00:00+01:00,2025-08-16 02:00:00+01:00
0.00977,0.07,2025-08-16 02:00:00+01:00,2025-08-16 03:00:00+01:00
0.00794,0.06,2025-08-16 03:00:00+01:00,2025-08-16 04:00:00+01:00
0.00659,0.05,2025-08-16 04:00:00+01:00,2025-08-16 05:00:00+01:00
0.00578,0.04,2025-08-16 05:00:00+01:00,2025-08-16 06:00:00+01:00
0.17992,1.26,2025-08-16 06:00:00+01:00,2025-08-16 07:00:00+01:00
0.09342,0.65,2025-08-16 07:00:00+01:00,2025-08-16 08:00:00+01:00
0.12015,0.84,2025-08-16 08:00:00+01:00,2025-08-16 09:00:00+01:00
0.14291,1.0,2025-08-16 09:00:00+01:00,2025-08-16 10:00:00+01:00
0.02645,0.19,2025-08-16 10:00:00+01:00,2025-08-16 11:00:00+01:00
0.0271,0.19,2025-08-16 11:00:00+01:00,2025-08-16 12:00:00+01:00
0.02321,0.16,2025-08-16 12:00:00+01:00,2025-08-16 13:00:00+01:00
0.03257,0.23,2025-08-16 13:00:00+01:00,2025-08-16 14:00:00+01:00
0.04402,0.31,2025-08-16 14:00:00+01:00,2025-08-16 15:00:00+01:00
0.01806,0.13,2025-08-16 15:00:00+01:00,2025-08-16 16:00:00+01:00
0.04738,0.33,2025-08-16 16:00:00+01:00,2025-08-16 17:00:00+01:00
0.30673,2.15,2025-08-16 17:00:00+01:00,2025-08-16 18:00:00+01:00
0.34698,2.43,2025-08-16 18:00:00+01:00,2025-08-16 19:00:00+01:00
0.26686,1.87,2025-08-16 19:00:00+01:00,2025-08-16 20:00:00+01:00
0.33386,2.34,2025-08-16 20:00:00+01:00,2025-08-16 21:00:00+01:00
0.0213,0.15,2025-08-16 21:00:00+01:00,2025-08-16 22:00:00+01:00
0.08547,0.6,2025-08-16 22:00:00+01:00,2025-08-16 23:00:00+01:00
0.02321,0.16,2025-08-16 23:00:00+01:00,2025-08-17 00:00:00+01:00
0.0089,0.06,2025-08-17 00:00:00+01:00,2025-08-17 01:00:00+01:00
0.00992,0.07,2025-08-17 01:00:00+01:00,2025-08-17 02:00:00+01:00
0.00294,0.02,2025-08-17 02:00:00+01:00,2025-08-17 03:00:00+01:00
0.0021,0.01,2025-08-17 03:00:00+01:00,2025-08-17 04:00:00+01:00
0.00765,0.05,2025-08-17 04:00:00+01:00,2025-08-17 05:00:00+01:00
0.00253,0.02,2025-08-17 05:00:00+01:00,2025-08-17 06:00:00+01:00
0.17983,1.26,2025-08-17 06:00:00+01:00,2025-08-17 07:00:00+01:00
0.06543,0.46,2025-08-17 07:00:00+01:00,2025-08-17 08:00:00+01:00
0.06889,0.48,2025-08-17 08:00:00+01:00,2025-08-17 09:00:00+01:00
0.19687,1.38,2025-08-17 09:00:00+01:00,2025-08-17 10:00:00+01:00
0.03695,0.26,2025-08-17 10:00:00+01:00,2025-08-17 11:00:00+01:00
0.04388,0.31,2025-08-17 11:00:00+01:00,2025-08-17 12:00:00+01:00
0.02297,0.16,2025-08-17 12:00:00+01:00,2025-08-17 13:00:00+01:00
0.03706,0.26,2025-08-17 13:00:00+01:00,2025-08-17 14:00:00+01:00
0.03377,0.24,2025-08-17 14:00:00+01:00,2025-08-17 15:00:00+01:00
0.03413,0.24,2025-08-17 15:00:00+01:00,2025-08-17 16:00:00+01:00
0.0373,0.26,2025-08-17 16:00:00+01:00,2025-08-17 17:00:00+01:00
0.27261,1.91,2025-08-17 17:00:00+01:00,2025-08-17 18:00:00+01:00
0.22872,1.6,2025-08-17 18:00:00+01:00,2025-08-17 19:00:00+01:00
0.18278,1.28,2025-08-17 19:00:00+01:00,2025-08-17 20:00:00+01:00
0.33057,2.31,2025-08-17 20:00:00+01:00,2025-08-17 21:00:00+01:00
0.0381,0.27,2025-08-17 21:00:00+01:00,2025-08-17 22:00:00+01:00
0.07539,0.53,2025-08-17 22:00:00+01:00,2025-08-17 23:00:00+01:00
0.03867,0.27,2025-08-17 23:00:00+01:00,2025-08-18 00:00:00+01:00
0.00625,0.04,2025-08-18 00:00:00+01:00,2025-08-18 01:00:00+01:00
0.00747,0.05,2025-08-18 01:00:00+01:00,2025-08-18 02:00:00+01:00
0.00219,0.02,2025-08-18 02:00:00+01:00,2025-08-18 03:00:00+01:00
0.0006,0.0,2025-08-18 03:00:00+01:00,2025-08-18 04:00:00+01:00
0.00131,0.01,2025-08-18 04:00:00+01:00,2025-08-18 05:00:00+01:00
0.00606,0.04,2025-08-18 05:00:00+01:00,2025-08-18 06:00:00+01:00
0.17742,1.24,2025-08-18 06:00:00+01:00,2025-08-18 07:00:00+01:00
0.05675,0.4,2025-08-18 07:00:00+01:00,2025-08-18 08:00:00+01:00
0.16012,1.12,2025-08-18 08:00:00+01:00,2025-08-18 09:00:00+01:00
0.1012,0.71,2025-08-18 09:00:00+01:00,2025-08-18 10:00:00+01:00
0.02914,0.2,2025-08-18 10:00:00+01:00,2025-08-18 11:00:00+01:00
0.04715,0.33,2025-08-18 11:00:00+01:00,2025-08-18 12:00:00+01:00
0.02328,0.16,2025-08-18 12:00:00+01:00,2025-08-18 13:00:00+01:00
0.02861,0.2,2025-08-18 13:00:00+01:00,2025-08-18 14:00:00+01:00
0.01055,0.07,2025-08-18 14:00:00+01:00,2025-08-18 15:00:00+01:00
0.01326,0.09,2025-08-18 15:00:00+01:00,2025-08-18 16:00:00+01:00
0.02034,0.14,2025-08-18 16:00:00+01:00,2025-08-18 17:00:00+01:00
0.10836,0.76,2025-08-18 17:00:00+01:00,2025-08-18 18:00:00+01:00
0.28941,2.03,2025-08-18 18:00:00+01:00,2025-08-18 19:00:00+01:00
0.22792,1.6,2025-08-18 19:00:00+01:00,2025-08-18 20:00:00+01:00
0.26444,1.85,2025-08-18 20:00:00+01:00,2025-08-18 21:00:00+01:00
0.03397,0.24,2025-08-18 21:00:00+01:00,2025-08-18 22:00:00+01:00
0.04367,0.31,2025-08-18 22:00:00+01:00,2025-08-18 23:00:00+01:00
0.07311,0.51,2025-08-18 23:00:00+01:00,2025-08-19 00:00:00+01:00
0.00965,0.07,2025-08-19 00:00:00+01:00,2025-08-19 01:00:00+01:00
0.0005,0.0,2025-08-19 01:00:00+01:00,2025-08-19 02:00:00+01:00
0.0089,0.06,2025-08-19 02:00:00+01:00,2025-08-19 03:00:00+01:00
0.00577,0.04,2025-08-19 03:00:00+01:00,2025-08-19 04:00:00+01:00
0.00564,0.04,2025-08-19 04:00:00+01:00,2025-08-19 05:00:00+01:00
0.005,0.04,2025-08-19 05:00:00+01:00,2025-08-19 06:00:00+01:00
0.06041,0.42,2025-08-19 06:00:00+01:00,2025-08-19 07:00:00+01:00
0.06348,0.44,2025-08-19 07:00:00+01:00,2025-08-19 08:00:00+01:00
0.14014,0.98,2025-08-19 08:00:00+01:00,2025-08-19 09:00:00+01:00
0.10114,0.71,2025-08-19 09:00:00+01:00,2025-08-19 10:00:00+01:00
0.04669,0.33,2025-08-19 10:00:00+01:00,2025-08-19 11:00:00+01:00
0.02626,0.18,2025-08-19 11:00:00+01:00,2025-08-19 12:00:00+01:00
0.01573,0.11,2025-08-19 12:00:00+01:00,2025-08-19 13:00:00+01:00
0.03859,0.27,2025-08-19 13:00:00+01:00,2025-08-19 14:00:00+01:00
0.02173,0.15,2025-08-19 14:00:00+01:00,2025-08-19 15:00:00+01:00
0.03102,0.22,2025-08-19 15:00:00+01:00,2025-08-19 16:00:00+01:00
0.03791,0.27,2025-08-19 16:00:00+01:00,2025-08-19 17:00:00+01:00
0.37008,2.59,2025-08-19 17:00:00+01:00,2025-08-19 18:00:00+01:00
0.33766,2.36,2025-08-19 18:00:00+01:00,2025-08-19 19:00:00+01:00
0.30291,2.12,2025-08-19 19:00:00+01:00,2025-08-19 20:00:00+01:00
0.30389,2.13,2025-08-19 20:00:00+01:00,2025-08-19 21:00:00+01:00
0.09567,0.67,2025-08-19 21:00:00+01:00,2025-08-19 22:00:00+01:00
0.04367,0.31,2025-08-19 22:00:00+01:00,2025-08-19 23:00:00+01:00
0.02009,0.14,2025-08-19 23:00:00+01:00,2025-08-20 00:00:00+01:00
0.00272,0.02,2025-08-20 00:00:00+01:00,2025-08-20 01:00:00+01:00
0.00218,0.02,2025-08-20 01:00:00+01:00,2025-08-20 02:00:00+01:00
0.00662,0.05,2025-08-20 02:00:00+01:00,2025-08-20 03:00:00+01:00
0.00634,0.04,2025-08-20 03:00:00+01:00,2025-08-20 04:00:00+01:00
0.00593,0.04,2025-08-20 04:00:00+01:00,2025-08-20 05:00:00+01:00
0.00016,0.0,2025-08-20 05:00:00+01:00,2025-08-20 06:00:00+01:00
0.15932,1.12,2025-08-20 06:00:00+01:00,2025-08-20 07:00:00+01:00
0.09853,0.69,2025-08-20 07:00:00+01:00,2025-08-20 08:00:00+01:00
0.14976,1.05,2025-08-20 08:00:00+01:00,2025-08-20 09:00:00+01:00
0.13349,0.93,2025-08-20 09:00:00+01:00,2025-08-20 10:00:00+01:00
0.02371,0.17,2025-08-20 10:00:00+01:00,2025-08-20 11:00:00+01:00
0.01538,0.11,2025-08-20 11:00:00+01:00,2025-08-20 12:00:00+01:00
0.01378,0.1,2025-08-20 12:00:00+01:00,2025-08-20 13:00:00+01:00
0.04326,0.3,2025-08-20 13:00:00+01:00,2025-08-20 14:00:00+01:00
0.04674,0.33,2025-08-20 14:00:00+01:00,2025-08-20 15:00:00+01:00
0.03599,0.25,2025-08-20 15:00:00+01:00,2025-08-20 16:00:00+01:00
0.01414,0.1,2025-08-20 16:00:00+01:00,2025-08-20 17:00:00+01:00
0.22061,1.54,2025-08-20 17:00:00+01:00,2025-08-20 18:00:00+01:00
0.31868,2.23,2025-08-20 18:00:00+01:00,2025-08-20 19:00:00+01:00
0.33395,2.34,2025-08-20 19:00:00+01:00,2025-08-20 20:00:00+01:00
0.13547,0.95,2025-08-20 20:00:00+01:00,2025-08-20 21:00:00+01:00
0.02,0.14,2025-08-20 21:00:00+01:00,2025-08-20 22:00:00+01:00
0.07697,0.54,2025-08-20 22:00:00+01:00,2025-08-20 23:00:00+01:00
0.04853,0.34,2025-08-20 23:00:00+01:00,2025-08-21 00:00:00+01:00
0.00254,0.02,2025-08-21 00:00:00+01:00,2025-08-21 01:00:00+01:00
0.00013,0.0,2025-08-21 01:00:00+01:00,2025-08-21 02:00:00+01:00
0.0054,0.04,2025-08-21 02:00:00+01:00,2025-08-21 03:00:00+01:00
0.00851,0.06,2025-08-21 03:00:00+01:00,2025-08-21 04:00:00+01:00
0.00958,0.07,2025-08-21 04:00:00+01:00,2025-08-21 05:00:00+01:00
0.00566,0.04,2025-08-21 05:00:00+01:00,2025-08-21 06:00:00+01:00
0.12717,0.89,2025-08-21 06:00:00+01:00,2025-08-21 07:00:00+01:00
0.06276,0.44,2025-08-21 07:00:00+01:00,2025-08-21 08:00:00+01:00
0.13233,0.93,2025-08-21 08:00:00+01:00,2025-08-21 09:00:00+01:00
0.107,0.75,2025-08-21 09:00:00+01:00,2025-08-21 10:00:00+01:00
0.03429,0.24,2025-08-21 10:00:00+01:00,2025-08-21 11:00:00+01:00
0.02555,0.18,2025-08-21 11:00:00+01:00,2025-08-21 12:00:00+01:00
0.01961,0.14,2025-08-21 12:00:00+01:00,2025-08-21 13:00:00+01:00
0.0138,0.1,2025-08-21 13:00:00+01:00,2025-08-21 14:00:00+01:00
0.0226,0.16,2025-08-21 14:00:00+01:00,2025-08-21 15:00:00+01:00
0.01387,0.1,2025-08-21 15:00:00+01:00,2025-08-21 16:00:00+01:00
0.01708,0.12,2025-08-21 16:00:00+01:00,2025-08-21 17:00:00+01:00
0.3962,2.77,2025-08-21 17:00:00+01:00,2025-08-21 18:00:00+01:00
0.23323,1.63,2025-08-21 18:00:00+01:00,2025-08-21 19:00:00+01:00
0.25956,1.82,2025-08-21 19:00:00+01:00,2025-08-21 20:00:00+01:00
0.36209,2.53,2025-08-21 20:00:00+01:00,2025-08-21 21:00:00+01:00
0.09965,0.7,2025-08-21 21:00:00+01:00,2025-08-21 22:00:00+01:00
0.06662,0.47,2025-08-21 22:00:00+01:00,2025-08-21 23:00:00+01:00
0.085,0.6,2025-08-21 23:00:00+01:00,2025-08-22 00:00:00+01:00
0.00327,0.02,2025-08-22 00:00:00+01:00,2025-08-22 01:00:00+01:00
0.00306,0.02,2025-08-22 01:00:00+01:00,2025-08-22 02:00:00+01:00
0.00403,0.03,2025-08-22 02:00:00+01:00,2025-08-22 03:00:00+01:00
0.00673,0.05,2025-08-22 03:00:00+01:00,2025-08-22 04:00:00+01:00
0.00682,0.05,2025-08-22 04:00:00+01:00,2025-08-22 05:00:00+01:00
0.00315,0.02,2025-08-22 05:00:00+01:00,2025-08-22 06:00:00+01:00
0.06998,0.49,2025-08-22 06:00:00+01:00,2025-08-22 07:00:00+01:00
0.14486,1.01,2025-08-22 07:00:00+01:00,2025-08-22 08:00:00+01:00
0.06925,0.48,2025-08-22 08:00:00+01:00,2025-08-22 09:00:00+01:00
0.13677,0.96,2025-08-22 09:00:00+01:00,2025-08-22 10:00:00+01:00
0.03774,0.26,2025-08-22 10:00:00+01:00,2025-08-22 11:00:00+01:00
0.03802,0.27,2025-08-22 11:00:00+01:00,2025-08-22 12:00:00+01:00
0.04014,0.28,2025-08-22 12:00:00+01:00,2025-08-22 13:00:00+01:00
0.04491,0.31,2025-08-22 13:00:00+01:00,2025-08-22 14:00:00+01:00
0.03,0.21,2025-08-22 14:00:00+01:00,2025-08-22 15:00:00+01:00
0.03921,0.27,2025-08-22 15:00:00+01:00,2025-08-22 16:00:00+01:00
0.03477,0.24,2025-08-22 16:00:00+01:00,2025-08-22 17:00:00+01:00
0.15599,1.09,2025-08-22 17:00:00+01:00,2025-08-22 18:00:00+01:00
0.10771,0.75,2025-08-22 18:00:00+01:00,2025-08-22 19:00:00+01:00
0.18536,1.3,2025-08-22 19:00:00+01:00,2025-08-22 20:00:00+01:00
0.23291,1.63,2025-08-22 20:00:00+01:00,2025-08-22 21:00:00+01:00
0.06937,0.49,2025-08-22 21:00:00+01:00,2025-08-22 22:00:00+01:00
0.088,0.62,2025-08-22 22:00:00+01:00,2025-08-22 23:00:00+01:00
0.0357,0.25,2025-08-22 23:00:00+01:00,2025-08-23 00:00:00+01:00
0.00126,0.01,2025-08-23 00:00:00+01:00,2025-08-23 01:00:00+01:00
0.00963,0.07,2025-08-23 01:00:00+01:00,2025-08-23 02:00:00+01:00
0.00108,0.01,2025-08-23 02:00:00+01:00,2025-08-23 03:00:00+01:00
0.00478,0.03,2025-08-23 03:00:00+01:00,2025-08-23 04:00:00+01:00
0.00586,0.04,2025-08-23 04:00:00+01:00,2025-08-23 05:00:00+01:00
0.00541,0.04,2025-08-23 05:00:00+01:00,2025-08-23 06:00:00+01:00
0.0629,0.44,2025-08-23 06:00:00+01:00,2025-08-23 07:00:00+01:00
0.05855,0.41,2025-08-23 07:00:00+01:00,2025-08-23 08:00:00+01:00
0.06582,0.46,2025-08-23 08:00:00+01:00,2025-08-23 09:00:00+01:00
0.13784,0.96,2025-08-23 09:00:00+01:00,2025-08-23 10:00:00+01:00
0.03177,0.22,2025-08-23 10:00:00+01:00,2025-08-23 11:00:00+01:00
0.01935,0.14,2025-08-23 11:00:00+01:00,2025-08-23 12:00:00+01:00
0.03551,0.25,2025-08-23 12:00:00+01:00,2025-08-23 13:00:00+01:00
0.0428,0.3,2025-08-23 13:00:00+01:00,2025-08-23 14:00:00+01:00
0.01166,0.08,2025-08-23 14:00:00+01:00,2025-08-23 15:00:00+01:00
0.02993,0.21,2025-08-23 15:00:00+01:00,2025-08-23 16:00:00+01:00
0.03757,0.26,2025-08-23 16:00:00+01:00,2025-08-23 17:00:00+01:00
0.17569,1.23,2025-08-23 17:00:00+01:00,2025-08-23 18:00:00+01:00
0.19233,1.35,2025-08-23 18:00:00+01:00,2025-08-23 19:00:00+01:00
0.28409,1.99,2025-08-23 19:00:00+01:00,2025-08-23 20:00:00+01:00
0.36938,2.59,2025-08-23 20:00:00+01:00,2025-08-23 21:00:00+01:00
0.08479,0.59,2025-08-23 21:00:00+01:00,2025-08-23 22:00:00+01:00
0.06665,0.47,2025-08-23 22:00:00+01:00,2025-08-23 23:00:00+01:00
0.07842,0.55,2025-08-23 23:00:00+01:00,2025-08-24 00:00:00+01:00
0.00365,0.03,2025-08-24 00:00:00+01:00,2025-08-24 01:00:00+01:00
0.00641,0.04,2025-08-24 01:00:00+01:00,2025-08-24 02:00:00+01:00
0.00466,0.03,2025-08-24 02:00:00+01:00,2025-08-24 03:00:00+01:00
0.0019,0.01,2025-08-24 03:00:00+01:00,2025-08-24 04:00:00+01:00
0.00702,0.05,2025-08-24 04:00:00+01:00,2025-08-24 05:00:00+01:00
0.00556,0.04,2025-08-24 05:00:00+01:00,2025-08-24 06:00:00+01:00
0.10379,0.73,2025-08-24 06:00:00+01:00,2025-08-24 07:00:00+01:00
0.1867,1.31,2025-08-24 07:00:00+01:00,2025-08-24 08:00:00+01:00
0.05314,0.37,2025-08-24 08:00:00+01:00,2025-08-24 09:00:00+01:00
0.09737,0.68,2025-08-24 09:00:00+01:00,2025-08-24 10:00:00+01:00
0.01228,0.09,2025-08-24 10:00:00+01:00,2025-08-24 11:00:00+01:00
0.04066,0.28,2025-08-24 11:00:00+01:00,2025-08-24 12:00:00+01:00
0.03808,0.27,2025-08-24 12:00:00+01:00,2025-08-24 13:00:00+01:00
0.02325,0.16,2025-08-24 13:00:00+01:00,2025-08-24 14:00:00+01:00
0.03703,0.26,2025-08-24 14:00:00+01:00,2025-08-24 15:00:00+01:00
0.02584,0.18,2025-08-24 15:00:00+01:00,2025-08-24 16:00:00+01:00
0.04025,0.28,2025-08-24 16:00:00+01:00,2025-08-24 17:00:00+01:00
0.23626,1.65,2025-08-24 17:00:00+01:00,2025-08-24 18:00:00+01:00
0.22368,1.57,2025-08-24 18:00:00+01:00,2025-08-24 19:00:00+01:00
0.38042,2.66,2025-08-24 19:00:00+01:00,2025-08-24 20:00:00+01:00
0.17526,1.23,2025-08-24 20:00:00+01:00,2025-08-24 21:00:00+01:00
0.02964,0.21,2025-08-24 21:00:00+01:00,2025-08-24 22:00:00+01:00
0.06676,0.47,2025-08-24 22:00:00+01:00,2025-08-24 23:00:00+01:00
0.09755,0.68,2025-08-24 23:00:00+01:00,2025-08-25 00:00:00+01:00
0.00378,0.03,2025-08-25 00:00:00+01:00,2025-08-25 01:00:00+01:00
0.00062,0.0,2025-08-25 01:00:00+01:00,2025-08-25 02:00:00+01:00
0.00339,0.02,2025-08-25 02:00:00+01:00,2025-08-25 03:00:00+01:00
0.00506,0.04,2025-08-25 03:00:00+01:00,2025-08-25 04:00:00+01:00
0.00162,0.01,2025-08-25 04:00:00+01:00,2025-08-25 05:00:00+01:00
0.00658,0.05,2025-08-25 05:00:00+01:00,2025-08-25 06:00:00+01:00
0.19966,1.4,2025-08-25 06:00:00+01:00,2025-08-25 07:00:00+01:00
0.11776,0.82,2025-08-25 07:00:00+01:00,2025-08-25 08:00:00+01:00
0.10321,0.72,2025-08-25 08:00:00+01:00,2025-08-25 09:00:00+01:00
0.11011,0.77,2025-08-25 09:00:00+01:00,2025-08-25 10:00:00+01:00
0.01461,0.1,2025-08-25 10:00:00+01:00,2025-08-25 11:00:00+01:00
0.04533,0.32,2025-08-25 11:00:00+01:00,2025-08-25 12:00:00+01:00
0.02659,0.19,2025-08-25 12:00:00+01:00,2025-08-25 13:00:00+01:00
0.02549,0.18,2025-08-25 13:00:00+01:00,2025-08-25 14:00:00+01:00
0.03639,0.25,2025-08-25 14:00:00+01:00,2025-08-25 15:00:00+01:00
0.02768,0.19,2025-08-25 15:00:00+01:00,2025-08-25 16:00:00+01:00
0.03593,0.25,2025-08-25 16:00:00+01:00,2025-08-25 17:00:00+01:00
0.11843,0.83,2025-08-25 17:00:00+01:00,2025-08-25 18:00:00+01:00
0.34412,2.41,2025-08-25 18:00:00+01:00,2025-08-25 19:00:00+01:00
0.38215,2.68,2025-08-25 19:00:00+01:00,2025-08-25 20:00:00+01:00
0.29463,2.06,2025-08-25 20:00:00+01:00,2025-08-25 21:00:00+01:00
0.09637,0.67,2025-08-25 21:00:00+01:00,2025-08-25 22:00:00+01:00
0.03211,0.22,2025-08-25 22:00:00+01:00,2025-08-25 23:00:00+01:00
0.05819,0.41,2025-08-25 23:00:00+01:00,2025-08-26 00:00:00+01:00
0.00602,0.04,2025-08-26 00:00:00+01:00,2025-08-26 01:00:00+01:00
0.00582,0.04,2025-08-26 01:00:00+01:00,2025-08-26 02:00:00+01:00
0.00401,0.03,2025-08-26 02:00:00+01:00,2025-08-26 03:00:00+01:00
0.00338,0.02,2025-08-26 03:00:00+01:00,2025-08-26 04:00:00+01:00
0.00127,0.01,2025-08-26 04:00:00+01:00,2025-08-26 05:00:00+01:00
0.00392,0.03,2025-08-26 05:00:00+01:00,2025-08-26 06:00:00+01:00
0.0744,0.52,2025-08-26 06:00:00+01:00,2025-08-26 07:00:00+01:00
0.16015,1.12,2025-08-26 07:00:00+01:00,2025-08-26 08:00:00+01:00
0.08132,0.57,2025-08-26 08:00:00+01:00,2025-08-26 09:00:00+01:00
0.05878,0.41,2025-08-26 09:00:00+01:00,2025-08-26 10:00:00+01:00
0.03209,0.22,2025-08-26 10:00:00+01:00,2025-08-26 11:00:00+01:00
0.03381,0.24,2025-08-26 11:00:00+01:00,2025-08-26 12:00:00+01:00
0.04488,0.31,2025-08-26 12:00:00+01:00,2025-08-26 13:00:00+01:00
0.03308,0.23,2025-08-26 13:00:00+01:00,2025-08-26 14:00:00+01:00
0.02382,0.17,2025-08-26 14:00:00+01:00,2025-08-26 15:00:00+01:00
0.04212,0.29,2025-08-26 15:00:00+01:00,2025-08-26 16:00:00+01:00
0.03161,0.22,2025-08-26 16:00:00+01:00,2025-08-26 17:00:00+01:00
0.12378,0.87,2025-08-26 17:00:00+01:00,2025-08-26 18:00:00+01:00
0.26976,1.89,2025-08-26 18:00:00+01:00,2025-08-26 19:00:00+01:00
0.37241,2.61,2025-08-26 19:00:00+01:00,2025-08-26 20:00:00+01:00
0.21889,1.53,2025-08-26 20:00:00+01:00,2025-08-26 21:00:00+01:00
0.04371,0.31,2025-08-26 21:00:00+01:00,2025-08-26 22:00:00+01:00
0.03148,0.22,2025-08-26 22:00:00+01:00,2025-08-26 23:00:00+01:00
0.03212,0.22,2025-08-26 23:00:00+01:00,2025-08-27 00:00:00+01:00
0.00433,0.03,2025-08-27 00:00:00+01:00,2025-08-27 01:00:00+01:00
0.00596,0.04,2025-08-27 01:00:00+01:00,2025-08-27 02:00:00+01:00
0.00081,0.01,2025-08-27 02:00:00+01:00,2025-08-27 03:00:00+01:00
0.0094,0.07,2025-08-27 03:00:00+01:00,2025-08-27 04:00:00+01:00
0.00755,0.05,2025-08-27 04:00:00+01:00,2025-08-27 05:00:00+01:00
0.00587,0.04,2025-08-27 05:00:00+01:00,2025-08-27 06:00:00+01:00
0.17427,1.22,2025-08-27 06:00:00+01:00,2025-08-27 07:00:00+01:00
0.06203,0.43,2025-08-27 07:00:00+01:00,2025-08-27 08:00:00+01:00
0.12153,0.85,2025-08-27 08:00:00+01:00,2025-08-27 09:00:00+01:00
0.14451,1.01,2025-08-27 09:00:00+01:00,2025-08-27 10:00:00+01:00
0.04315,0.3,2025-08-27 10:00:00+01:00,2025-08-27 11:00:00+01:00
0.04134,0.29,2025-08-27 11:00:00+01:00,2025-08-27 12:00:00+01:00
0.02108,0.15,2025-08-27 12:00:00+01:00,2025-08-27 13:00:00+01:00
0.04764,0.33,2025-08-27 13:00:00+01:00,2025-08-27 14:00:00+01:00
0.01497,0.1,2025-08-27 14:00:00+01:00,2025-08-27 15:00:00+01:00
0.04501,0.32,2025-08-27 15:00:00+01:00,2025-08-27 16:00:00+01:00
0.04884,0.34,2025-08-27 16:00:00+01:00,2025-08-27 17:00:00+01:00
0.15315,1.07,2025-08-27 17:00:00+01:00,2025-08-27 18:00:00+01:00
0.31662,2.22,2025-08-27 18:00:00+01:00,2025-08-27 19:00:00+01:00
0.11209,0.78,2025-08-27 19:00:00+01:00,2025-08-27 20:00:00+01:00
0.22163,1.55,2025-08-27 20:00:00+01:00,2025-08-27 21:00:00+01:00
0.0613,0.43,2025-08-27 21:00:00+01:00,2025-08-27 22:00:00+01:00
0.06645,0.47,2025-08-27 22:00:00+01:00,2025-08-27 23:00:00+01:00
0.09487,0.66,2025-08-27 23:00:00+01:00,2025-08-28 00:00:00+01:00
0.00672,0.05,2025-08-28 00:00:00+01:00,2025-08-28 01:00:00+01:00
0.00481,0.03,2025-08-28 01:00:00+01:00,2025-08-28 02:00:00+01:00
0.0081,0.06,2025-08-28 02:00:00+01:00,2025-08-28 03:00:00+01:00
0.00951,0.07,2025-08-28 03:00:00+01:00,2025-08-28 04:00:00+01:00
0.00022,0.0,2025-08-28 04:00:00+01:00,2025-08-28 05:00:00+01:00
0.00983,0.07,2025-08-28 05:00:00+01:00,2025-08-28 06:00:00+01:00
0.06292,0.44,2025-08-28 06:00:00+01:00,2025-08-28 07:00:00+01:00
0.17216,1.21,2025-08-28 07:00:00+01:00,2025-08-28 08:00:00+01:00
0.09205,0.64,2025-08-28 08:00:00+01:00,2025-08-28 09:00:00+01:00
0.06983,0.49,2025-08-28 09:00:00+01:00,2025-08-28 10:00:00+01:00
0.02759,0.19,2025-08-28 10:00:00+01:00,2025-08-28 11:00:00+01:00
0.03576,0.25,2025-08-28 11:00:00+01:00,2025-08-28 12:00:00+01:00
0.02524,0.18,2025-08-28 12:00:00+01:00,2025-08-28 13:00:00+01:00
0.01218,0.09,2025-08-28 13:00:00+01:00,2025-08-28 14:00:00+01:00
0.03398,0.24,2025-08-28 14:00:00+01:00,2025-08-28 15:00:00+01:00
0.0461,0.32,2025-08-28 15:00:00+01:00,2025-08-28 16:00:00+01:00
0.02533,0.18,2025-08-28 16:00:00+01:00,2025-08-28 17:00:00+01:00
0.1649,1.15,2025-08-28 17:00:00+01:00,2025-08-28 18:00:00+01:00
0.23277,1.63,2025-08-28 18:00:00+01:00,2025-08-28 19:00:00+01:00
0.11451,0.8,2025-08-28 19:00:00+01:00,2025-08-28 20:00:00+01:00
0.34615,2.42,2025-08-28 20:00:00+01:00,2025-08-28 21:00:00+01:00
0.08611,0.6,2025-08-28 21:00:00+01:00,2025-08-28 22:00:00+01:00
0.06704,0.47,2025-08-28 22:00:00+01:00,2025-08-28 23:00:00+01:00
0.04825,0.34,2025-08-28 23:00:00+01:00,2025-08-29 00:00:00+01:00
0.008,0.06,2025-08-29 00:00:00+01:00,2025-08-29 01:00:00+01:00
0.00555,0.04,2025-08-29 01:00:00+01:00,2025-08-29 02:00:00+01:00
0.00826,0.06,2025-08-29 02:00:00+01:00,2025-08-29 03:00:00+01:00
0.00631,0.04,2025-08-29 03:00:00+01:00,2025-08-29 04:00:00+01:00
0.00784,0.05,2025-08-29 04:00:00+01:00,2025-08-29 05:00:00+01:00
0.00599,0.04,2025-08-29 05:00:00+01:00,2025-08-29 06:00:00+01:00
0.11212,0.78,2025-08-29 06:00:00+01:00,2025-08-29 07:00:00+01:00
0.19369,1.36,2025-08-29 07:00:00+01:00,2025-08-29 08:00:00+01:00
0.13117,0.92,2025-08-29 08:00:00+01:00,2025-08-29 09:00:00+01:00
0.14076,0.99,2025-08-29 09:00:00+01:00,2025-08-29 10:00:00+01:00
0.01882,0.13,2025-08-29 10:00:00+01:00,2025-08-29 11:00:00+01:00
0.03503,0.25,2025-08-29 11:00:00+01:00,2025-08-29 12:00:00+01:00
0.03286,0.23,2025-08-29 12:00:00+01:00,2025-08-29 13:00:00+01:00
0.01739,0.12,2025-08-29 13:00:00+01:00,2025-08-29 14:00:00+01:00
0.01238,0.09,2025-08-29 14:00:00+01:00,2025-08-29 15:00:00+01:00
0.03417,0.24,2025-08-29 15:00:00+01:00,2025-08-29 16:00:00+01:00
0.04055,0.28,2025-08-29 16:00:00+01:00,2025-08-29 17:00:00+01:00
0.25702,1.8,2025-08-29 17:00:00+01:00,2025-08-29 18:00:00+01:00
0.16803,1.18,2025-08-29 18:00:00+01:00,2025-08-29 19:00:00+01:00
0.29996,2.1,2025-08-29 19:00:00+01:00,2025-08-29 20:00:00+01:00
0.12403,0.87,2025-08-29 20:00:00+01:00,2025-08-29 21:00:00+01:00
0.05535,0.39,2025-08-29 21:00:00+01:00,2025-08-29 22:00:00+01:00
0.03307,0.23,2025-08-29 22:00:00+01:00,2025-08-29 23:00:00+01:00
0.03476,0.24,2025-08-29 23:00:00+01:00,2025-08-30 00:00:00+01:00
0.00202,0.01,2025-08-30 00:00:00+01:00,2025-08-30 01:00:00+01:00
0.00387,0.03,2025-08-30 01:00:00+01:00,2025-08-30 02:00:00+01:00
0.00051,0.0,2025-08-30 02:00:00+01:00,2025-08-30 03:00:00+01:00
0.00398,0.03,2025-08-30 03:00:00+01:00,2025-08-30 04:00:00+01:00
0.00512,0.04,2025-08-30 04:00:00+01:00,2025-08-30 05:00:00+01:00
0.00483,0.03,2025-08-30 05:00:00+01:00,2025-08-30 06:00:00+01:00
0.10742,0.75,2025-08-30 06:00:00+01:00,2025-08-30 07:00:00+01:00
0.17587,1.23,2025-08-30 07:00:00+01:00,2025-08-30 08:00:00+01:00
0.0718,0.5,2025-08-30 08:00:00+01:00,2025-08-30 09:00:00+01:00
0.12585,0.88,2025-08-30 09:00:00+01:00,2025-08-30 10:00:00+01:00
0.01248,0.09,2025-08-30 10:00:00+01:00,2025-08-30 11:00:00+01:00
0.01285,0.09,2025-08-30 11:00:00+01:00,2025-08-30 12:00:00+01:00
0.03295,0.23,2025-08-30 12:00:00+01:00,2025-08-30 13:00:00+01:00
0.03264,0.23,2025-08-30 13:00:00+01:00,2025-08-30 14:00:00+01:00
0.04512,0.32,2025-08-30 14:00:00+01:00,2025-08-30 15:00:00+01:00
0.03231,0.23,2025-08-30 15:00:00+01:00,2025-08-30 16:00:00+01:00
0.04839,0.34,2025-08-30 16:00:00+01:00,2025-08-30 17:00:00+01:00
0.11461,0.8,2025-08-30 17:00:00+01:00,2025-08-30 18:00:00+01:00
0.1294,0.91,2025-08-30 18:00:00+01:00,2025-08-30 19:00:00+01:00
0.11322,0.79,2025-08-30 19:00:00+01:00,2025-08-30 20:00:00+01:00
0.15558,1.09,2025-08-30 20:00:00+01:00,2025-08-30 21:00:00+01:00
0.0633,0.44,2025-08-30 21:00:00+01:00,2025-08-30 22:00:00+01:00
0.07165,0.5,2025-08-30 22:00:00+01:00,2025-08-30 23:00:00+01:00
0.02365,0.17,2025-08-30 23:00:00+01:00,2025-08-31 00:00:00+01:00
0.00946,0.07,2025-08-31 00:00:00+01:00,2025-08-31 01:00:00+01:00
