zz@gmail.com,20000001,16,"2024 HSC Results:
Aboriginal Studies: 85 (Band 5)
Drama: 82 (Band 5)
English Advanced: 92 (Band 6)
ELIGIBLE FOR HIGHER SCHOOL CERTIFICATE",+614xxxxxxx
zz1@gmail.com,20000002,16,"2024 HSC Results:
Mathematics Extension 1: 64 (E2)
Mathematics Extension 2: 55 (E2)
Religion 1: 26 (Band 2)
ELIGIBLE FOR HIGHER SCHOOL CERTIFICATE",+614xxxxxxx
zz2@gmail.com,20000003,16,"2024 HSC Results:
Mathematics Extension 1: 64 (E2)
Mathematics Extension 2: 55 (E2)
Religion 1: 26 (Band 2)
ELIGIBLE FOR HIGHER SCHOOL CERTIFICATE",+614xxxxxxx
zz3@gmail.com,20000004,16,"2024 HSC Results:
Mathematics Extension 1: 64 (E2)
Mathematics Extension 2: 55 (E2)
Religion 1: 26 (Band 2)
ELIGIBLE FOR HIGHER SCHOOL CERTIFICATE",+614xxxxxxx
